,playerID,assetID,sessionStart,sessionEnd,visitID
0,100474,5442,7/14/20 2:23,7/14/20 2:49,0
1,100474,5640,7/14/20 2:50,7/14/20 3:45,1
2,100474,5639,7/14/20 3:45,7/14/20 4:48,2
3,102284,5878,7/13/20 19:57,7/13/20 20:11,3
4,102284,6017,7/13/20 20:12,7/13/20 20:28,4
5,102284,5930,7/13/20 20:29,7/13/20 20:33,5
6,102284,5971,7/13/20 20:35,7/13/20 20:47,6
7,102284,6023,7/13/20 20:49,7/13/20 20:53,7
8,102284,6050,7/13/20 20:54,7/13/20 21:09,8
9,102284,6051,7/13/20 21:25,7/13/20 21:29,9
10,102284,5856,7/13/20 21:34,7/13/20 21:35,10
11,102284,6011,7/13/20 21:35,7/13/20 21:38,11
12,102284,6047,7/13/20 21:38,7/13/20 21:43,12
13,102284,6002,7/13/20 21:45,7/13/20 22:13,13
14,10229,5990,7/13/20 16:54,7/13/20 18:12,14
15,10229,5931,7/13/20 18:14,7/13/20 18:19,15
16,10229,5991,7/13/20 18:21,7/13/20 20:14,16
17,10230,6014,7/13/20 16:55,7/13/20 16:57,17
18,10230,5979,7/13/20 16:58,7/13/20 17:00,18
19,10230,5989,7/13/20 17:00,7/13/20 17:13,19
20,10230,5930,7/13/20 17:17,7/13/20 17:19,20
21,10230,6032,7/13/20 17:42,7/13/20 17:48,21
22,10230,5644,7/13/20 17:48,7/13/20 17:51,22
23,10230,5903,7/13/20 17:51,7/13/20 17:52,23
24,10230,5642,7/13/20 17:53,7/13/20 18:06,24
25,10230,5902,7/13/20 18:05,7/13/20 18:10,25
26,10230,5992,7/13/20 18:22,7/13/20 20:14,26
27,102788,6030,7/13/20 20:40,7/13/20 21:09,27
28,102788,6024,7/13/20 20:51,7/13/20 20:58,28
29,105865,6032,7/13/20 20:51,7/13/20 20:55,29
30,105865,5642,7/13/20 20:55,7/13/20 21:06,30
31,105865,5821,7/13/20 21:06,7/13/20 21:09,31
32,10632,6009,7/13/20 21:09,7/13/20 21:13,32
33,10632,5852,7/13/20 21:14,7/13/20 21:18,33
34,10632,5847,7/13/20 21:19,7/13/20 21:23,34
35,10632,6010,7/13/20 21:23,7/13/20 22:57,35
36,10634,6010,7/13/20 21:02,7/13/20 22:46,36
37,10634,6008,7/13/20 23:23,7/13/20 23:43,37
38,10634,5855,7/14/20 0:06,7/14/20 1:03,38
39,10634,5856,7/14/20 0:22,7/14/20 0:51,39
40,10634,5857,7/14/20 0:25,7/14/20 0:43,40
41,10732,6039,7/13/20 19:01,7/13/20 19:04,41
42,10732,5990,7/13/20 19:05,7/13/20 19:11,42
43,10732,6042,7/13/20 19:14,7/13/20 19:18,43
44,10732,5117,7/13/20 19:22,7/13/20 19:32,44
45,108208,5439,7/13/20 19:04,7/13/20 19:10,45
46,108314,3825,7/14/20 0:25,7/14/20 0:32,46
47,108333,5987,7/13/20 19:56,7/13/20 19:58,47
48,108333,5644,7/13/20 19:58,7/13/20 20:04,48
49,108333,5772,7/13/20 20:05,7/13/20 23:02,49
50,108333,6008,7/13/20 20:08,7/13/20 20:09,50
51,108333,6009,7/13/20 20:10,7/13/20 21:06,51
52,108333,5587,7/13/20 21:09,7/13/20 22:46,52
53,108333,5848,7/13/20 21:31,7/13/20 21:44,53
54,108333,6040,7/13/20 22:10,7/13/20 22:19,54
55,108333,3837,7/13/20 22:21,7/13/20 22:31,55
56,108333,5385,7/13/20 22:31,7/13/20 22:34,56
57,108333,4900,7/13/20 22:47,7/13/20 22:49,57
58,108333,5868,7/13/20 23:02,7/13/20 23:05,58
59,1086,5441,7/13/20 14:13,7/13/20 14:17,59
60,1086,5849,7/13/20 14:17,7/13/20 15:15,60
61,109965,3532,7/13/20 19:30,7/13/20 19:35,61
62,109965,5117,7/13/20 19:36,7/13/20 19:38,62
63,109965,5638,7/13/20 19:39,7/13/20 20:28,63
64,109965,6028,7/13/20 20:31,7/13/20 20:34,64
65,109965,4880,7/13/20 20:34,7/13/20 20:50,65
66,110779,5878,7/13/20 17:31,7/13/20 17:50,66
67,110779,5930,7/13/20 17:54,7/13/20 18:03,67
68,110779,6017,7/13/20 18:04,7/13/20 18:12,68
69,110779,5879,7/13/20 18:22,7/13/20 19:20,69
70,110779,5909,7/13/20 19:37,7/13/20 19:38,70
71,111270,5879,7/13/20 17:30,7/13/20 17:43,71
72,111412,5867,7/13/20 18:56,7/13/20 19:27,72
73,111702,5902,7/14/20 0:02,7/14/20 0:04,73
74,111702,5642,7/14/20 0:04,7/14/20 2:03,74
75,111702,5979,7/14/20 0:17,7/14/20 0:35,75
76,111702,5903,7/14/20 0:37,7/14/20 0:40,76
77,111702,5442,7/14/20 0:41,7/14/20 0:45,77
78,111702,5885,7/14/20 0:49,7/14/20 1:00,78
79,111702,5817,7/14/20 1:01,7/14/20 1:08,79
80,111702,5746,7/14/20 1:08,7/14/20 1:22,80
81,111702,6056,7/14/20 1:23,7/14/20 1:36,81
82,111702,5749,7/14/20 1:36,7/14/20 1:40,82
83,111702,5638,7/14/20 1:41,7/14/20 1:43,83
84,112161,3828,7/13/20 19:38,7/13/20 19:42,84
85,112161,3825,7/13/20 19:42,7/13/20 19:46,85
86,112161,5123,7/13/20 19:48,7/13/20 19:53,86
87,112161,9034,7/13/20 19:55,7/13/20 19:56,87
88,112161,3235,7/13/20 19:56,7/13/20 20:00,88
89,112161,5439,7/13/20 20:02,7/13/20 20:27,89
90,112161,5692,7/13/20 20:30,7/13/20 20:51,90
91,112284,3185,7/13/20 19:31,7/13/20 19:37,91
92,11245,4696,7/13/20 19:15,7/13/20 19:46,92
93,11245,4694,7/13/20 19:17,7/13/20 19:18,93
94,11245,4693,7/13/20 19:18,7/13/20 19:21,94
95,11245,4695,7/13/20 19:21,7/13/20 19:22,95
96,11245,5480,7/13/20 19:47,7/13/20 19:56,96
97,113135,5989,7/13/20 19:12,7/13/20 20:01,97
98,114732,9109,7/13/20 20:35,7/13/20 22:08,98
99,114732,9034,7/13/20 21:43,7/13/20 21:50,99
100,114761,6046,7/13/20 15:08,7/13/20 15:14,100
101,114761,9000,7/13/20 15:15,7/13/20 15:18,101
102,114761,3235,7/13/20 15:18,7/13/20 15:23,102
103,114761,5442,7/13/20 15:24,7/13/20 15:28,103
104,114949,5594,7/13/20 18:10,7/13/20 20:13,104
105,115874,3534,7/13/20 15:39,7/13/20 16:09,105
106,115874,3829,7/13/20 16:26,7/13/20 20:00,106
107,115874,3837,7/13/20 18:16,7/13/20 18:27,107
108,115874,3828,7/13/20 18:55,7/13/20 19:09,108
109,117265,3514,7/13/20 20:01,7/13/20 21:42,109
110,118150,5969,7/13/20 19:25,7/13/20 19:29,110
111,118150,4336,7/13/20 19:30,7/13/20 20:01,111
112,118150,6017,7/13/20 19:39,7/13/20 19:50,112
113,118150,5886,7/13/20 19:51,7/13/20 19:54,113
114,118150,6022,7/13/20 19:54,7/13/20 19:56,114
115,118150,4605,7/13/20 20:18,7/13/20 20:26,115
116,118150,6035,7/13/20 20:29,7/13/20 20:33,116
117,118150,6048,7/13/20 20:33,7/13/20 20:40,117
118,1182,3991,7/13/20 19:41,7/13/20 20:11,118
119,1182,5906,7/13/20 19:42,7/13/20 20:06,119
120,1182,6029,7/13/20 19:54,7/13/20 21:19,120
121,1182,5587,7/13/20 20:11,7/13/20 20:22,121
122,1182,5983,7/13/20 20:23,7/13/20 20:44,122
123,1182,5981,7/13/20 20:45,7/13/20 20:57,123
124,1182,3235,7/13/20 20:57,7/13/20 21:00,124
125,1185,5855,7/13/20 19:27,7/13/20 19:36,125
126,1185,5906,7/13/20 19:37,7/13/20 20:10,126
127,1185,5183,7/13/20 20:17,7/13/20 20:26,127
128,1185,5182,7/13/20 20:42,7/13/20 21:13,128
129,119023,5919,7/14/20 0:44,7/14/20 1:00,129
130,119023,5962,7/14/20 1:01,7/14/20 1:09,130
131,119023,5380,7/14/20 1:09,7/14/20 1:21,131
132,119023,6022,7/14/20 1:21,7/14/20 1:29,132
133,119023,5887,7/14/20 1:29,7/14/20 1:51,133
134,119023,5888,7/14/20 1:53,7/14/20 1:58,134
135,119023,5990,7/14/20 2:00,7/14/20 3:22,135
136,119023,5989,7/14/20 3:23,7/14/20 3:30,136
137,119023,4693,7/14/20 3:37,7/14/20 3:41,137
138,119023,5996,7/14/20 3:42,7/14/20 3:46,138
139,119023,5995,7/14/20 3:47,7/14/20 3:50,139
140,119023,4523,7/14/20 3:51,7/14/20 3:52,140
141,119023,6046,7/14/20 3:53,7/14/20 3:55,141
142,119023,5749,7/14/20 4:02,7/14/20 4:05,142
143,119023,6028,7/14/20 4:05,7/14/20 4:09,143
144,120532,5416,7/14/20 2:24,7/14/20 2:46,144
145,120532,5418,7/14/20 2:48,7/14/20 2:56,145
146,120532,5910,7/14/20 2:56,7/14/20 3:39,146
147,120532,5848,7/14/20 3:22,7/14/20 3:26,147
148,120532,5909,7/14/20 3:41,7/14/20 3:42,148
149,121672,6032,7/13/20 16:13,7/13/20 16:15,149
150,125777,5712,7/14/20 0:57,7/14/20 1:03,150
151,125777,5549,7/14/20 1:04,7/14/20 1:09,151
152,125777,5920,7/14/20 1:10,7/14/20 1:14,152
153,125777,5903,7/14/20 1:15,7/14/20 1:18,153
154,125777,5966,7/14/20 1:18,7/14/20 1:26,154
155,128098,6024,7/13/20 20:43,7/13/20 20:48,155
156,128098,6030,7/13/20 20:50,7/13/20 21:02,156
157,128098,4880,7/13/20 21:03,7/13/20 21:10,157
158,128578,4957,7/14/20 0:42,7/14/20 0:48,158
159,128578,4956,7/14/20 0:52,7/14/20 0:53,159
160,133196,6042,7/13/20 22:25,7/13/20 23:32,160
161,133196,5544,7/13/20 22:36,7/13/20 22:38,161
162,133196,6023,7/13/20 22:39,7/13/20 22:54,162
163,133196,5615,7/13/20 22:56,7/13/20 23:03,163
164,133196,6056,7/13/20 23:07,7/13/20 23:13,164
165,133196,5835,7/13/20 23:35,7/13/20 23:36,165
166,133196,5890,7/13/20 23:40,7/13/20 23:45,166
167,13663,5910,7/13/20 17:03,7/13/20 22:57,167
168,13663,5443,7/13/20 17:15,7/13/20 17:36,168
169,13663,5418,7/13/20 17:41,7/13/20 23:22,169
170,13663,5550,7/13/20 17:54,7/13/20 17:55,170
171,13663,5549,7/13/20 17:55,7/13/20 23:14,171
172,13663,5854,7/13/20 19:06,7/13/20 19:11,172
173,13663,5849,7/13/20 19:12,7/13/20 19:13,173
174,13663,5848,7/13/20 19:15,7/13/20 19:17,174
175,13663,5639,7/13/20 19:17,7/13/20 19:22,175
176,13663,6030,7/13/20 19:23,7/13/20 20:19,176
177,13663,5907,7/13/20 19:30,7/13/20 19:43,177
178,13663,5908,7/13/20 19:43,7/13/20 19:53,178
179,13663,5548,7/13/20 19:46,7/13/20 21:35,179
180,13663,5909,7/13/20 19:57,7/13/20 22:48,180
181,13663,4957,7/13/20 20:27,7/13/20 20:30,181
182,13663,5444,7/13/20 20:36,7/13/20 20:40,182
183,13663,5416,7/13/20 20:41,7/13/20 21:34,183
184,13663,5693,7/13/20 22:57,7/13/20 23:11,184
185,13663,5417,7/13/20 23:15,7/13/20 23:20,185
186,144058,6048,7/14/20 2:25,7/14/20 2:28,186
187,144058,5549,7/14/20 2:28,7/14/20 3:27,187
188,144058,5550,7/14/20 3:01,7/14/20 3:04,188
189,144058,6033,7/14/20 3:41,7/14/20 3:45,189
190,144752,5601,7/13/20 19:33,7/13/20 20:14,190
191,144958,6010,7/13/20 15:35,7/13/20 15:38,191
192,144958,6048,7/13/20 15:38,7/13/20 15:48,192
193,144958,5836,7/13/20 15:49,7/13/20 15:51,193
194,144958,5839,7/13/20 15:52,7/13/20 15:58,194
195,144958,5460,7/13/20 15:59,7/13/20 16:02,195
196,144958,5461,7/13/20 16:03,7/13/20 16:05,196
197,144958,5587,7/13/20 16:08,7/13/20 16:08,197
198,144958,5589,7/13/20 16:09,7/13/20 16:11,198
199,144958,5693,7/13/20 16:14,7/13/20 16:32,199
200,144958,3553,7/13/20 16:33,7/13/20 16:52,200
201,144958,5087,7/13/20 16:52,7/13/20 17:11,201
202,144958,5392,7/13/20 17:11,7/13/20 17:25,202
203,144958,6020,7/13/20 17:25,7/13/20 17:41,203
204,144958,5894,7/13/20 17:41,7/13/20 17:51,204
205,15052,5590,7/13/20 16:22,7/13/20 16:29,205
206,15052,5386,7/13/20 21:13,7/13/20 21:21,206
207,15052,5087,7/13/20 21:22,7/13/20 21:57,207
208,15052,3553,7/13/20 21:25,7/13/20 22:08,208
209,15052,5385,7/13/20 21:58,7/13/20 22:05,209
210,153595,6004,7/13/20 18:17,7/13/20 18:18,210
211,153595,6001,7/13/20 18:19,7/13/20 18:25,211
212,153595,5893,7/13/20 18:26,7/13/20 18:33,212
213,153595,5894,7/13/20 18:33,7/13/20 18:55,213
214,153595,6003,7/13/20 18:55,7/13/20 19:02,214
215,153595,6002,7/13/20 19:03,7/13/20 19:04,215
216,153595,5381,7/13/20 19:11,7/13/20 19:13,216
217,153595,6032,7/13/20 19:14,7/13/20 19:18,217
218,153595,5642,7/13/20 19:18,7/13/20 19:24,218
219,153621,3837,7/14/20 2:13,7/14/20 2:28,219
220,153621,3825,7/14/20 3:05,7/14/20 3:23,220
221,159273,5981,7/13/20 21:27,7/13/20 21:31,221
222,159273,3991,7/13/20 21:32,7/13/20 23:08,222
223,16180,5823,7/13/20 23:03,7/14/20 2:48,223
224,16180,5904,7/14/20 0:43,7/14/20 1:05,224
225,16180,5693,7/14/20 1:06,7/14/20 1:47,225
226,16180,5638,7/14/20 1:11,7/14/20 1:32,226
227,16180,5639,7/14/20 1:48,7/14/20 1:49,227
228,16180,4900,7/14/20 1:51,7/14/20 1:59,228
229,16180,5852,7/14/20 2:51,7/14/20 2:58,229
230,16180,5821,7/14/20 3:00,7/14/20 3:05,230
231,164086,5989,7/14/20 0:07,7/14/20 0:31,231
232,164086,5990,7/14/20 0:32,7/14/20 0:33,232
233,164086,5992,7/14/20 0:33,7/14/20 1:26,233
234,165669,4275,7/13/20 22:24,7/13/20 22:29,234
235,165669,5549,7/13/20 22:33,7/13/20 22:40,235
236,165669,6025,7/13/20 22:45,7/13/20 22:47,236
237,165669,5616,7/13/20 22:56,7/13/20 22:59,237
238,165669,5392,7/13/20 23:12,7/13/20 23:17,238
239,167254,5481,7/13/20 14:08,7/13/20 15:30,239
240,16769,4524,7/13/20 20:13,7/13/20 20:43,240
241,16769,5856,7/13/20 20:35,7/13/20 20:35,241
242,168898,6043,7/13/20 22:42,7/13/20 22:45,242
243,168915,3185,7/14/20 3:06,7/14/20 3:12,243
244,16959,5641,7/14/20 0:01,7/14/20 2:04,244
245,16959,5440,7/14/20 1:39,7/14/20 1:42,245
246,170629,3227,7/14/20 2:22,7/14/20 2:24,246
247,170629,3226,7/14/20 2:25,7/14/20 4:48,247
248,171425,5693,7/14/20 3:17,7/14/20 3:28,248
249,171427,5906,7/14/20 3:34,7/14/20 4:47,249
250,176407,9109,7/13/20 15:20,7/13/20 15:22,250
251,179925,6046,7/13/20 16:38,7/13/20 16:54,251
252,179925,9000,7/13/20 16:56,7/13/20 16:57,252
253,180530,6021,7/13/20 22:43,7/13/20 23:43,253
254,180530,5894,7/13/20 23:44,7/13/20 23:52,254
255,180530,5893,7/13/20 23:53,7/14/20 0:08,255
256,180530,5930,7/14/20 0:08,7/14/20 0:21,256
257,180530,5642,7/14/20 0:21,7/14/20 0:29,257
258,181928,6030,7/13/20 21:38,7/13/20 21:40,258
259,181928,9000,7/13/20 21:47,7/13/20 21:51,259
260,181928,3185,7/13/20 21:52,7/13/20 21:54,260
261,183824,5642,7/14/20 0:30,7/14/20 0:32,261
262,183824,6014,7/14/20 0:33,7/14/20 0:41,262
263,183824,5979,7/14/20 0:45,7/14/20 0:53,263
264,183824,5903,7/14/20 0:53,7/14/20 1:02,264
265,183824,5838,7/14/20 1:03,7/14/20 1:12,265
266,183824,6004,7/14/20 1:13,7/14/20 1:16,266
267,183824,5892,7/14/20 1:16,7/14/20 1:51,267
268,183824,5855,7/14/20 1:52,7/14/20 2:04,268
269,183934,5548,7/13/20 22:20,7/13/20 22:21,269
270,183934,5549,7/13/20 22:21,7/13/20 22:26,270
271,183934,5854,7/13/20 22:28,7/13/20 22:33,271
272,183934,5417,7/13/20 22:33,7/13/20 22:38,272
273,184126,5968,7/13/20 23:07,7/14/20 0:02,273
274,184126,5969,7/13/20 23:40,7/13/20 23:58,274
275,184126,5902,7/14/20 0:58,7/14/20 1:09,275
276,184127,5967,7/13/20 23:16,7/13/20 23:25,276
277,185856,5642,7/13/20 14:38,7/13/20 14:39,277
278,185856,5839,7/13/20 14:39,7/13/20 14:41,278
279,185856,5902,7/13/20 14:42,7/13/20 14:42,279
280,185856,6032,7/13/20 14:42,7/13/20 14:44,280
281,185856,5821,7/13/20 14:44,7/13/20 17:25,281
282,185856,5644,7/13/20 14:45,7/13/20 17:22,282
283,185856,5903,7/13/20 14:46,7/13/20 17:21,283
284,185856,5871,7/13/20 14:47,7/13/20 14:48,284
285,185856,5873,7/13/20 14:49,7/13/20 14:49,285
286,185856,6014,7/13/20 14:50,7/13/20 14:50,286
287,185856,6016,7/13/20 14:50,7/13/20 14:51,287
288,185856,5979,7/13/20 14:51,7/13/20 14:52,288
289,185856,5382,7/13/20 14:52,7/13/20 14:53,289
290,185856,5888,7/13/20 14:53,7/13/20 14:54,290
291,185856,5887,7/13/20 14:54,7/13/20 14:54,291
292,185856,5886,7/13/20 14:55,7/13/20 14:55,292
293,185856,5889,7/13/20 14:56,7/13/20 14:57,293
294,185856,5885,7/13/20 14:59,7/13/20 15:00,294
295,185856,5480,7/13/20 15:00,7/13/20 15:01,295
296,185856,5183,7/13/20 15:08,7/13/20 15:09,296
297,185856,5182,7/13/20 15:09,7/13/20 15:09,297
298,185856,5639,7/13/20 15:10,7/13/20 15:14,298
299,185856,5482,7/13/20 15:23,7/13/20 15:23,299
300,185856,5478,7/13/20 15:23,7/13/20 15:24,300
301,185856,4442,7/13/20 15:25,7/13/20 15:28,301
302,185856,4275,7/13/20 15:28,7/13/20 15:29,302
303,185856,4274,7/13/20 15:29,7/13/20 15:29,303
304,185856,5385,7/13/20 15:29,7/13/20 15:30,304
305,185856,5386,7/13/20 15:31,7/13/20 15:31,305
306,185856,5849,7/13/20 15:31,7/13/20 15:32,306
307,185856,5441,7/13/20 15:32,7/13/20 15:33,307
308,185856,5442,7/13/20 15:32,7/13/20 15:33,308
309,185856,5638,7/13/20 15:33,7/13/20 15:35,309
310,185856,5640,7/13/20 15:34,7/13/20 15:36,310
311,185856,6030,7/13/20 15:35,7/13/20 15:36,311
312,185856,6029,7/13/20 15:36,7/13/20 15:37,312
313,185856,5910,7/13/20 15:37,7/13/20 15:39,313
314,185856,5909,7/13/20 15:39,7/13/20 15:40,314
315,185856,6045,7/13/20 15:40,7/13/20 15:41,315
316,185856,5784,7/13/20 15:41,7/13/20 15:42,316
317,185856,5783,7/13/20 15:42,7/13/20 15:45,317
318,185856,6036,7/13/20 15:46,7/13/20 16:01,318
319,185856,6037,7/13/20 15:47,7/13/20 15:48,319
320,185856,6046,7/13/20 16:01,7/13/20 16:02,320
321,185856,5848,7/13/20 16:02,7/13/20 16:03,321
322,185856,6034,7/13/20 16:03,7/13/20 16:04,322
323,185856,5854,7/13/20 16:04,7/13/20 16:05,323
324,185856,5847,7/13/20 16:05,7/13/20 16:07,324
325,185856,4694,7/13/20 16:10,7/13/20 16:11,325
326,185856,4695,7/13/20 16:11,7/13/20 16:11,326
327,185856,6003,7/13/20 16:12,7/13/20 16:13,327
328,185856,6002,7/13/20 16:13,7/13/20 16:14,328
329,185856,5776,7/13/20 16:15,7/13/20 16:15,329
330,185856,4693,7/13/20 16:15,7/13/20 16:16,330
331,185856,6033,7/13/20 16:16,7/13/20 16:17,331
332,185856,5823,7/13/20 16:17,7/13/20 16:18,332
333,185856,5904,7/13/20 16:18,7/13/20 16:19,333
334,185856,4900,7/13/20 16:19,7/13/20 16:20,334
335,185856,5544,7/13/20 16:21,7/13/20 16:21,335
336,185856,5545,7/13/20 16:22,7/13/20 16:22,336
337,185856,6047,7/13/20 16:22,7/13/20 16:25,337
338,185856,6048,7/13/20 16:25,7/13/20 16:26,338
339,185856,5548,7/13/20 16:26,7/13/20 16:27,339
340,185856,5925,7/13/20 16:27,7/13/20 16:27,340
341,185856,5521,7/13/20 16:28,7/13/20 16:28,341
342,185856,5445,7/13/20 16:29,7/13/20 16:29,342
343,185856,5446,7/13/20 16:29,7/13/20 16:30,343
344,185856,5070,7/13/20 16:30,7/13/20 16:32,344
345,185856,5391,7/13/20 16:38,7/13/20 16:38,345
346,185856,5392,7/13/20 16:39,7/13/20 16:39,346
347,185856,5481,7/13/20 16:39,7/13/20 16:40,347
348,185856,5393,7/13/20 16:40,7/13/20 16:41,348
349,185856,6005,7/13/20 16:41,7/13/20 16:42,349
350,185856,6008,7/13/20 16:42,7/13/20 16:44,350
351,185856,6024,7/13/20 16:45,7/13/20 16:46,351
352,185856,6023,7/13/20 16:46,7/13/20 16:49,352
353,185856,6025,7/13/20 16:49,7/13/20 16:50,353
354,185856,6026,7/13/20 16:50,7/13/20 16:51,354
355,185856,5746,7/13/20 16:52,7/13/20 16:53,355
356,185856,5749,7/13/20 16:53,7/13/20 17:01,356
357,185856,6041,7/13/20 17:04,7/13/20 17:06,357
358,185856,6040,7/13/20 17:06,7/13/20 17:07,358
359,185856,6035,7/13/20 17:07,7/13/20 17:08,359
360,185856,3828,7/13/20 17:08,7/13/20 17:09,360
361,185856,3825,7/13/20 17:09,7/13/20 17:10,361
362,185856,3534,7/13/20 17:10,7/13/20 17:11,362
363,185856,3530,7/13/20 17:11,7/13/20 17:11,363
364,185856,6043,7/13/20 17:12,7/13/20 17:12,364
365,185856,6042,7/13/20 17:13,7/13/20 17:13,365
366,185856,5931,7/13/20 17:13,7/13/20 17:15,366
367,185856,5712,7/13/20 17:15,7/13/20 17:18,367
368,185856,5711,7/13/20 17:18,7/13/20 17:18,368
369,185856,5989,7/13/20 17:18,7/13/20 17:20,369
370,185856,5930,7/13/20 17:20,7/13/20 17:20,370
371,185856,5998,7/13/20 17:27,7/13/20 17:28,371
372,185856,5997,7/13/20 17:28,7/13/20 17:30,372
373,185856,5996,7/13/20 17:30,7/13/20 17:31,373
374,185856,5995,7/13/20 17:31,7/13/20 17:32,374
375,185856,5994,7/13/20 17:32,7/13/20 17:33,375
376,185856,5891,7/13/20 17:33,7/13/20 17:34,376
377,185856,5890,7/13/20 17:34,7/13/20 17:34,377
378,185856,5836,7/13/20 17:35,7/13/20 17:35,378
379,185856,5835,7/13/20 17:35,7/13/20 17:35,379
380,185856,5834,7/13/20 17:36,7/13/20 17:36,380
381,185856,5919,7/13/20 17:36,7/13/20 17:37,381
382,185856,5962,7/13/20 17:37,7/13/20 17:38,382
383,185856,5972,7/13/20 17:38,7/13/20 17:38,383
384,185856,5971,7/13/20 17:39,7/13/20 17:40,384
385,185856,5987,7/13/20 17:40,7/13/20 17:41,385
386,185856,3920,7/13/20 17:42,7/13/20 17:44,386
387,185856,5601,7/13/20 17:45,7/13/20 17:48,387
388,1881,3900,7/13/20 17:58,7/13/20 18:17,388
389,1881,9034,7/13/20 18:17,7/13/20 18:22,389
390,1881,4441,7/13/20 18:22,7/13/20 18:27,390
391,1881,5910,7/13/20 18:28,7/13/20 18:30,391
392,190916,6003,7/13/20 14:14,7/13/20 14:24,392
393,190916,5855,7/13/20 14:24,7/13/20 14:25,393
394,190916,6010,7/13/20 14:25,7/13/20 14:31,394
395,190916,6005,7/13/20 14:31,7/13/20 14:33,395
396,190916,6007,7/13/20 14:33,7/13/20 14:38,396
397,190916,6041,7/13/20 14:39,7/13/20 14:41,397
398,190916,5885,7/13/20 14:41,7/13/20 14:42,398
399,190916,3837,7/13/20 14:42,7/13/20 14:53,399
400,190916,3829,7/13/20 14:53,7/13/20 15:06,400
401,190916,5087,7/13/20 15:07,7/13/20 15:16,401
402,190916,3235,7/13/20 15:16,7/13/20 15:18,402
403,190916,5123,7/13/20 15:18,7/13/20 15:19,403
404,190916,3898,7/13/20 15:19,7/13/20 15:20,404
405,190916,3900,7/13/20 15:21,7/13/20 15:22,405
406,190916,6046,7/13/20 15:22,7/13/20 15:23,406
407,192436,6047,7/14/20 3:12,7/14/20 3:26,407
408,192436,6007,7/14/20 3:26,7/14/20 3:30,408
409,192673,5823,7/13/20 18:41,7/13/20 18:42,409
410,193025,6024,7/13/20 22:08,7/13/20 22:21,410
411,193025,6023,7/13/20 22:21,7/13/20 22:25,411
412,193025,6025,7/13/20 22:26,7/13/20 22:30,412
413,193025,6026,7/13/20 22:30,7/13/20 22:31,413
414,193025,6008,7/13/20 22:32,7/13/20 22:55,414
415,193025,6006,7/13/20 22:42,7/13/20 22:45,415
416,193025,5550,7/13/20 22:56,7/13/20 22:59,416
417,193025,5854,7/13/20 23:00,7/13/20 23:03,417
418,193025,5544,7/13/20 23:03,7/13/20 23:04,418
419,193025,5879,7/13/20 23:04,7/13/20 23:06,419
420,193025,5878,7/13/20 23:07,7/13/20 23:08,420
421,193025,6019,7/13/20 23:08,7/13/20 23:09,421
422,193025,5837,7/13/20 23:10,7/13/20 23:11,422
423,193025,5836,7/13/20 23:12,7/14/20 0:42,423
424,193025,6001,7/13/20 23:16,7/13/20 23:35,424
425,193025,6002,7/13/20 23:18,7/14/20 0:07,425
426,193025,5892,7/13/20 23:24,7/14/20 0:36,426
427,193025,5838,7/13/20 23:40,7/14/20 0:27,427
428,193025,4694,7/13/20 23:55,7/14/20 0:02,428
429,193025,4695,7/14/20 0:02,7/14/20 0:04,429
430,193025,6003,7/14/20 0:08,7/14/20 0:16,430
431,193025,5776,7/14/20 0:17,7/14/20 0:22,431
432,193025,5971,7/14/20 0:27,7/14/20 0:29,432
433,193025,5893,7/14/20 0:36,7/14/20 0:39,433
434,193025,5894,7/14/20 0:42,7/14/20 0:46,434
435,193025,5890,7/14/20 0:48,7/14/20 0:55,435
436,193025,6020,7/14/20 0:55,7/14/20 0:58,436
437,193025,5979,7/14/20 0:58,7/14/20 1:01,437
438,193025,5642,7/14/20 1:02,7/14/20 1:04,438
439,193025,6016,7/14/20 1:04,7/14/20 1:05,439
440,193025,5902,7/14/20 1:09,7/14/20 1:11,440
441,193025,6032,7/14/20 1:11,7/14/20 1:13,441
442,19803,4695,7/13/20 19:27,7/13/20 19:29,442
443,19874,5412,7/13/20 23:57,7/14/20 0:35,443
444,19874,5594,7/14/20 0:36,7/14/20 1:38,444
445,19874,6056,7/14/20 1:38,7/14/20 2:31,445
446,19874,9034,7/14/20 2:36,7/14/20 2:40,446
447,19874,6035,7/14/20 2:40,7/14/20 2:47,447
448,19935,5821,7/13/20 16:41,7/13/20 17:11,448
449,19935,6014,7/13/20 17:12,7/13/20 17:14,449
450,19935,5906,7/13/20 17:15,7/13/20 17:42,450
451,19935,5907,7/13/20 17:42,7/13/20 17:50,451
452,19935,5908,7/13/20 17:50,7/13/20 18:03,452
453,19935,5968,7/13/20 18:03,7/13/20 18:07,453
454,19935,5969,7/13/20 18:07,7/13/20 18:16,454
455,19935,5970,7/13/20 18:17,7/13/20 18:33,455
456,19935,5967,7/13/20 18:33,7/13/20 18:41,456
457,19935,6020,7/13/20 18:45,7/13/20 18:46,457
458,19935,6003,7/13/20 18:49,7/13/20 18:54,458
459,19935,6004,7/13/20 18:54,7/13/20 19:17,459
460,19935,5909,7/13/20 19:18,7/13/20 19:30,460
461,19935,6001,7/13/20 19:36,7/13/20 19:42,461
462,199595,3530,7/13/20 17:19,7/13/20 17:53,462
463,199595,3534,7/13/20 17:42,7/13/20 18:36,463
464,200926,5603,7/13/20 22:32,7/14/20 2:15,464
465,201263,4693,7/13/20 19:36,7/13/20 20:36,465
466,201263,4695,7/13/20 19:40,7/13/20 20:00,466
467,201263,5920,7/13/20 19:48,7/13/20 19:50,467
468,201263,5892,7/13/20 19:50,7/13/20 19:52,468
469,201263,4694,7/13/20 19:55,7/13/20 20:50,469
470,201263,5776,7/13/20 20:18,7/13/20 20:23,470
471,201263,4696,7/13/20 20:36,7/13/20 20:39,471
472,201976,6022,7/13/20 17:18,7/13/20 17:22,472
473,208035,3837,7/13/20 21:34,7/13/20 21:37,473
474,208035,3532,7/13/20 21:37,7/13/20 21:44,474
475,208035,3825,7/13/20 21:44,7/13/20 23:12,475
476,208035,3828,7/13/20 21:48,7/13/20 21:51,476
477,208035,4274,7/13/20 21:52,7/13/20 22:05,477
478,208035,3235,7/13/20 22:06,7/13/20 22:08,478
479,208035,4336,7/13/20 22:09,7/13/20 22:15,479
480,208035,5855,7/13/20 22:15,7/13/20 22:22,480
481,208035,5879,7/13/20 22:23,7/13/20 22:25,481
482,208035,5930,7/13/20 22:25,7/13/20 22:26,482
483,208035,3553,7/13/20 23:13,7/13/20 23:14,483
484,208035,3991,7/13/20 23:47,7/14/20 0:27,484
485,208459,5441,7/13/20 18:15,7/13/20 18:25,485
486,208474,5441,7/13/20 18:12,7/13/20 18:15,486
487,208606,5990,7/13/20 23:46,7/13/20 23:54,487
488,209288,5964,7/13/20 21:43,7/13/20 22:11,488
489,209288,6044,7/13/20 22:20,7/13/20 22:21,489
490,209288,5920,7/13/20 22:22,7/13/20 22:34,490
491,210539,9110,7/13/20 16:55,7/13/20 19:46,491
492,210539,9104,7/13/20 20:38,7/14/20 0:57,492
493,211269,6044,7/13/20 22:17,7/13/20 22:20,493
494,211885,4696,7/14/20 1:39,7/14/20 1:52,494
495,211885,5550,7/14/20 1:58,7/14/20 2:06,495
496,211885,5443,7/14/20 2:10,7/14/20 2:58,496
497,211885,6033,7/14/20 3:06,7/14/20 3:10,497
498,226933,5867,7/14/20 2:02,7/14/20 2:06,498
499,226933,5907,7/14/20 2:06,7/14/20 2:16,499
500,226933,3235,7/14/20 2:17,7/14/20 4:12,500
501,226933,3837,7/14/20 4:13,7/14/20 4:27,501
502,227045,5909,7/14/20 1:11,7/14/20 1:12,502
503,227045,6053,7/14/20 1:13,7/14/20 1:20,503
504,227045,5693,7/14/20 1:21,7/14/20 1:24,504
505,227045,5439,7/14/20 1:24,7/14/20 1:26,505
506,227045,9034,7/14/20 1:27,7/14/20 1:27,506
507,227581,5854,7/14/20 3:29,7/14/20 3:32,507
508,227581,5851,7/14/20 3:52,7/14/20 3:57,508
509,227581,4441,7/14/20 4:02,7/14/20 4:04,509
510,227785,5594,7/13/20 17:29,7/13/20 17:37,510
511,227785,6036,7/13/20 17:40,7/13/20 17:48,511
512,230676,5992,7/13/20 16:40,7/13/20 18:15,512
513,230676,5902,7/13/20 17:26,7/13/20 17:27,513
514,230676,5839,7/13/20 17:28,7/13/20 17:32,514
515,230676,6044,7/13/20 17:32,7/13/20 17:37,515
516,230676,6004,7/13/20 17:37,7/13/20 17:46,516
517,230676,5893,7/13/20 17:46,7/13/20 17:49,517
518,230676,5892,7/13/20 17:50,7/13/20 17:57,518
519,230676,5891,7/13/20 17:57,7/13/20 18:00,519
520,230676,5890,7/13/20 18:01,7/13/20 18:08,520
521,230676,5856,7/13/20 18:08,7/13/20 18:12,521
522,230676,5979,7/13/20 18:15,7/13/20 18:21,522
523,230676,5930,7/13/20 18:21,7/13/20 18:25,523
524,230676,5834,7/13/20 18:25,7/13/20 18:28,524
525,231265,5991,7/13/20 16:38,7/13/20 17:10,525
526,231265,3900,7/13/20 17:12,7/13/20 17:21,526
527,231265,5382,7/13/20 17:24,7/13/20 17:25,527
528,231265,4661,7/13/20 17:26,7/13/20 17:47,528
529,231265,4659,7/13/20 17:48,7/13/20 17:52,529
530,231265,6001,7/13/20 18:02,7/13/20 18:04,530
531,231265,5856,7/13/20 18:04,7/13/20 18:07,531
532,231265,5887,7/13/20 18:12,7/13/20 18:27,532
533,232336,6004,7/14/20 0:02,7/14/20 0:48,533
534,234789,5605,7/13/20 15:38,7/13/20 16:30,534
535,23747,3530,7/13/20 15:27,7/13/20 15:32,535
536,23747,5441,7/13/20 15:33,7/13/20 15:45,536
537,23747,5385,7/13/20 15:46,7/13/20 16:08,537
538,23747,3825,7/13/20 16:08,7/13/20 16:12,538
539,23747,3837,7/13/20 16:12,7/13/20 16:17,539
540,23747,5962,7/13/20 16:18,7/13/20 16:28,540
541,23747,5821,7/13/20 16:28,7/13/20 16:39,541
542,23747,5919,7/13/20 16:53,7/13/20 16:56,542
543,239191,5931,7/14/20 2:51,7/14/20 2:54,543
544,239191,5983,7/14/20 3:46,7/14/20 3:47,544
545,239486,5903,7/13/20 22:41,7/13/20 23:11,545
546,240310,4694,7/13/20 14:42,7/13/20 16:43,546
547,240310,4696,7/13/20 14:53,7/13/20 17:03,547
548,240310,5439,7/13/20 17:05,7/13/20 17:13,548
549,240310,4695,7/13/20 17:14,7/13/20 17:17,549
550,240310,5441,7/13/20 17:17,7/13/20 18:01,550
551,241120,5418,7/13/20 18:07,7/13/20 21:48,551
552,241120,6010,7/13/20 18:14,7/13/20 18:22,552
553,241120,5823,7/13/20 18:42,7/13/20 19:30,553
554,241120,6029,7/13/20 19:34,7/13/20 19:51,554
555,241120,6030,7/13/20 19:52,7/13/20 19:59,555
556,241120,5549,7/13/20 20:24,7/13/20 20:25,556
557,241120,5548,7/13/20 20:25,7/13/20 20:27,557
558,241120,5909,7/13/20 20:28,7/13/20 21:12,558
559,241120,5910,7/13/20 20:39,7/13/20 22:18,559
560,241120,6008,7/13/20 21:49,7/13/20 22:01,560
561,241120,6005,7/13/20 22:01,7/13/20 22:07,561
562,241120,5417,7/13/20 22:21,7/13/20 22:23,562
563,241120,6009,7/13/20 22:25,7/13/20 22:34,563
564,241122,6010,7/13/20 18:10,7/13/20 18:14,564
565,241130,5823,7/13/20 18:39,7/13/20 18:40,565
566,241771,5593,7/14/20 1:52,7/14/20 1:56,566
567,243455,5967,7/13/20 15:21,7/13/20 15:25,567
568,243455,6048,7/13/20 15:25,7/13/20 15:35,568
569,243455,3514,7/13/20 15:36,7/13/20 15:39,569
570,243455,5639,7/13/20 15:39,7/13/20 15:42,570
571,243455,5994,7/13/20 15:44,7/13/20 15:54,571
572,243455,4693,7/13/20 15:54,7/13/20 16:01,572
573,243758,6041,7/13/20 21:28,7/13/20 21:29,573
574,243758,6040,7/13/20 21:33,7/13/20 21:36,574
575,243758,5847,7/13/20 22:03,7/13/20 22:21,575
576,248442,6044,7/13/20 20:00,7/13/20 21:57,576
577,255417,5460,7/13/20 19:25,7/14/20 4:39,577
578,255680,5480,7/13/20 20:47,7/13/20 23:30,578
579,255680,5182,7/13/20 22:05,7/13/20 22:10,579
580,255680,4336,7/13/20 22:21,7/13/20 23:14,580
581,255680,5544,7/13/20 23:14,7/13/20 23:16,581
582,256956,3530,7/13/20 22:40,7/14/20 3:31,582
583,256956,6008,7/14/20 3:38,7/14/20 4:10,583
584,260260,5981,7/13/20 18:11,7/13/20 18:14,584
585,260260,4957,7/13/20 18:14,7/13/20 18:36,585
586,260260,6045,7/13/20 18:36,7/14/20 1:34,586
587,260260,5784,7/13/20 18:46,7/14/20 1:47,587
588,260260,3898,7/13/20 18:51,7/13/20 18:57,588
589,260260,5995,7/13/20 19:00,7/13/20 19:06,589
590,260260,5908,7/13/20 19:07,7/14/20 0:11,590
591,260260,4695,7/13/20 19:13,7/13/20 19:21,591
592,260260,4659,7/13/20 19:29,7/13/20 19:44,592
593,260260,5441,7/13/20 19:46,7/13/20 19:52,593
594,260260,4274,7/13/20 19:53,7/13/20 20:01,594
595,260260,5087,7/13/20 20:02,7/13/20 20:28,595
596,260260,3553,7/13/20 20:28,7/13/20 20:44,596
597,260260,3920,7/13/20 20:45,7/13/20 20:54,597
598,260260,5987,7/13/20 20:58,7/13/20 21:11,598
599,260260,5971,7/13/20 21:12,7/13/20 21:17,599
600,260260,5962,7/13/20 21:18,7/13/20 21:33,600
601,260260,5966,7/13/20 21:34,7/13/20 22:18,601
602,260260,5712,7/13/20 22:21,7/13/20 22:37,602
603,260260,5879,7/13/20 22:37,7/13/20 22:42,603
604,260260,5857,7/13/20 22:42,7/14/20 0:02,604
605,260260,5069,7/14/20 0:02,7/14/20 0:07,605
606,260260,5240,7/14/20 0:12,7/14/20 0:14,606
607,260260,4956,7/14/20 0:15,7/14/20 0:17,607
608,260260,5818,7/14/20 0:18,7/14/20 0:29,608
609,260260,6013,7/14/20 0:29,7/14/20 0:48,609
610,260260,5968,7/14/20 0:53,7/14/20 0:59,610
611,260260,3825,7/14/20 0:59,7/14/20 1:05,611
612,260260,5910,7/14/20 1:05,7/14/20 1:08,612
613,260260,6046,7/14/20 1:08,7/14/20 1:23,613
614,260260,5783,7/14/20 1:47,7/14/20 1:51,614
615,265957,6029,7/13/20 18:23,7/13/20 18:31,615
616,265957,5910,7/13/20 18:34,7/13/20 18:38,616
617,268229,5601,7/13/20 20:26,7/14/20 0:26,617
618,270546,5907,7/13/20 22:23,7/13/20 22:27,618
619,270546,6043,7/13/20 22:27,7/13/20 22:34,619
620,270546,5550,7/13/20 22:36,7/13/20 22:38,620
621,270546,5590,7/13/20 22:40,7/13/20 22:59,621
622,270546,5391,7/13/20 23:01,7/13/20 23:15,622
623,270546,5893,7/13/20 23:32,7/13/20 23:37,623
624,270546,5892,7/13/20 23:37,7/14/20 0:22,624
625,272244,4694,7/13/20 20:31,7/13/20 20:37,625
626,272244,4695,7/13/20 20:37,7/13/20 21:09,626
627,272244,5605,7/13/20 21:38,7/13/20 22:09,627
628,272509,5766,7/13/20 15:32,7/13/20 15:35,628
629,272509,4601,7/13/20 15:39,7/13/20 15:59,629
630,27475,9111,7/13/20 18:46,7/14/20 3:20,630
631,27475,5889,7/13/20 18:55,7/13/20 21:54,631
632,27475,5962,7/13/20 18:59,7/13/20 19:00,632
633,27475,5964,7/13/20 19:00,7/13/20 19:41,633
634,27475,5849,7/13/20 19:44,7/13/20 19:46,634
635,27475,5967,7/13/20 19:46,7/13/20 19:48,635
636,27475,9109,7/13/20 20:06,7/14/20 2:59,636
637,27475,9106,7/13/20 21:04,7/14/20 2:56,637
638,27475,9110,7/13/20 21:06,7/13/20 21:07,638
639,27475,5894,7/13/20 21:54,7/13/20 21:57,639
640,27475,5638,7/13/20 22:15,7/13/20 22:22,640
641,27475,9104,7/14/20 2:40,7/14/20 3:40,641
642,27475,6038,7/14/20 3:42,7/14/20 3:43,642
643,27475,5117,7/14/20 3:43,7/14/20 3:45,643
644,275203,6034,7/13/20 21:29,7/13/20 21:49,644
645,275203,5904,7/13/20 21:50,7/13/20 22:18,645
646,277427,4659,7/13/20 18:15,7/13/20 18:22,646
647,277427,5967,7/13/20 18:24,7/13/20 18:30,647
648,277427,6020,7/13/20 18:31,7/13/20 18:42,648
649,2811,4693,7/14/20 3:12,7/14/20 3:18,649
650,2811,4275,7/14/20 3:19,7/14/20 3:21,650
651,2811,3991,7/14/20 3:22,7/14/20 3:24,651
652,2811,3517,7/14/20 3:24,7/14/20 3:35,652
653,2811,5983,7/14/20 3:36,7/14/20 3:39,653
654,2811,5991,7/14/20 3:42,7/14/20 4:09,654
655,281374,5070,7/14/20 2:37,7/14/20 3:03,655
656,281374,5069,7/14/20 3:03,7/14/20 3:08,656
657,281374,5416,7/14/20 3:09,7/14/20 3:59,657
658,282629,6037,7/13/20 21:47,7/13/20 21:56,658
659,282629,4603,7/13/20 22:00,7/13/20 22:15,659
660,282630,6032,7/13/20 21:46,7/13/20 22:06,660
661,282630,5962,7/13/20 22:14,7/13/20 22:22,661
662,282630,5854,7/13/20 22:43,7/13/20 22:44,662
663,2839,4193,7/13/20 23:38,7/13/20 23:39,663
664,285327,6012,7/13/20 17:20,7/13/20 20:26,664
665,285327,6031,7/13/20 18:07,7/13/20 18:07,665
666,285327,5548,7/13/20 20:24,7/13/20 20:24,666
667,285327,5886,7/13/20 20:28,7/13/20 20:29,667
668,285327,6011,7/13/20 20:29,7/13/20 20:49,668
669,285327,3825,7/13/20 20:51,7/13/20 21:03,669
670,285327,5480,7/14/20 1:59,7/14/20 4:36,670
671,286176,6014,7/13/20 18:38,7/13/20 18:40,671
672,286176,5642,7/13/20 18:41,7/13/20 18:43,672
673,286176,5967,7/13/20 18:45,7/13/20 19:00,673
674,290546,5962,7/13/20 14:43,7/13/20 14:45,674
675,29080,6024,7/14/20 2:43,7/14/20 2:53,675
676,29080,5386,7/14/20 3:26,7/14/20 4:30,676
677,29083,5385,7/14/20 3:49,7/14/20 4:02,677
678,2924,5873,7/13/20 19:03,7/13/20 19:12,678
679,2924,3532,7/13/20 19:15,7/13/20 19:17,679
680,2924,3837,7/13/20 19:17,7/13/20 19:21,680
681,2924,5970,7/13/20 19:22,7/13/20 19:26,681
682,2924,4524,7/13/20 19:27,7/13/20 19:28,682
683,2924,5871,7/13/20 19:30,7/13/20 19:35,683
684,292415,4275,7/14/20 3:08,7/14/20 3:15,684
685,292531,3825,7/13/20 17:18,7/13/20 17:22,685
686,292711,3517,7/13/20 20:54,7/13/20 21:01,686
687,292711,5981,7/13/20 21:02,7/13/20 21:07,687
688,292711,3898,7/13/20 21:08,7/13/20 21:12,688
689,292711,6028,7/13/20 21:13,7/13/20 21:16,689
690,292711,6031,7/13/20 21:16,7/13/20 21:20,690
691,292711,5821,7/13/20 21:22,7/13/20 21:31,691
692,297967,6002,7/13/20 17:01,7/13/20 17:12,692
693,297967,6048,7/13/20 17:14,7/13/20 17:59,693
694,297967,5997,7/13/20 18:02,7/13/20 18:16,694
695,297967,5890,7/13/20 18:18,7/13/20 19:00,695
696,299001,6016,7/13/20 18:23,7/13/20 18:40,696
697,29901,5848,7/13/20 18:47,7/13/20 19:08,697
698,29901,5638,7/13/20 19:09,7/13/20 21:43,698
699,29901,5381,7/13/20 19:19,7/13/20 19:21,699
700,29901,5382,7/13/20 19:21,7/13/20 19:25,700
701,29901,5888,7/13/20 19:26,7/13/20 19:27,701
702,29901,5849,7/13/20 19:28,7/13/20 19:37,702
703,29901,6035,7/13/20 19:37,7/13/20 21:49,703
704,29901,5444,7/13/20 19:42,7/13/20 21:45,704
705,29901,5641,7/13/20 20:11,7/13/20 21:30,705
706,29901,5885,7/13/20 20:29,7/13/20 20:35,706
707,29901,5967,7/13/20 20:35,7/13/20 20:39,707
708,29901,5640,7/13/20 20:47,7/13/20 20:50,708
709,29901,5439,7/13/20 21:05,7/13/20 21:37,709
710,29901,5442,7/13/20 21:30,7/13/20 21:32,710
711,29901,5443,7/13/20 21:31,7/13/20 21:34,711
712,306147,5444,7/13/20 21:24,7/13/20 21:27,712
713,306147,5849,7/13/20 21:27,7/13/20 21:29,713
714,306147,5393,7/13/20 21:38,7/13/20 21:41,714
715,306147,5989,7/13/20 21:46,7/13/20 21:57,715
716,306147,6022,7/13/20 21:57,7/13/20 22:01,716
717,306147,5837,7/13/20 22:02,7/13/20 22:05,717
718,306147,5440,7/13/20 22:06,7/13/20 22:20,718
719,306147,5641,7/13/20 22:20,7/13/20 22:31,719
720,306147,4603,7/13/20 22:31,7/13/20 22:34,720
721,306147,5981,7/13/20 22:35,7/13/20 22:40,721
722,306147,3517,7/13/20 22:40,7/13/20 22:43,722
723,306147,5817,7/13/20 22:44,7/13/20 22:49,723
724,306147,3898,7/13/20 22:53,7/13/20 22:54,724
725,3137,5990,7/13/20 19:00,7/13/20 20:05,725
726,3137,4336,7/13/20 19:03,7/13/20 19:09,726
727,3137,9034,7/13/20 19:10,7/13/20 19:13,727
728,3137,9000,7/13/20 19:14,7/13/20 20:14,728
729,3137,3920,7/13/20 19:30,7/13/20 19:39,729
730,3137,3517,7/13/20 19:39,7/13/20 19:41,730
731,3137,5871,7/13/20 20:02,7/13/20 20:03,731
732,3137,3185,7/13/20 20:14,7/13/20 20:18,732
733,3137,6029,7/13/20 20:18,7/13/20 20:23,733
734,3137,4880,7/13/20 20:23,7/13/20 20:28,734
735,3137,5776,7/13/20 20:30,7/13/20 20:32,735
736,31372,5854,7/14/20 1:26,7/14/20 2:17,736
737,316174,6020,7/13/20 21:13,7/13/20 21:15,737
738,316174,5856,7/13/20 21:15,7/13/20 21:30,738
739,316174,5892,7/13/20 21:30,7/13/20 21:37,739
740,316174,5919,7/13/20 21:38,7/13/20 21:58,740
741,316174,6026,7/13/20 21:59,7/13/20 22:05,741
742,316174,4956,7/13/20 22:07,7/13/20 22:07,742
743,316174,6045,7/13/20 22:09,7/13/20 22:12,743
744,316174,6028,7/13/20 22:14,7/13/20 22:21,744
745,316174,5638,7/13/20 22:22,7/13/20 22:32,745
746,316174,5439,7/13/20 22:32,7/13/20 22:34,746
747,316175,6019,7/13/20 21:03,7/13/20 21:13,747
748,316175,5857,7/13/20 21:14,7/13/20 21:19,748
749,316175,5993,7/13/20 21:22,7/13/20 21:31,749
750,316175,5971,7/13/20 21:32,7/13/20 21:34,750
751,316175,5987,7/13/20 21:35,7/13/20 21:44,751
752,316175,6003,7/13/20 21:45,7/13/20 21:49,752
753,316175,5776,7/13/20 21:49,7/13/20 21:51,753
754,316175,5418,7/13/20 21:53,7/13/20 21:58,754
755,316175,6046,7/13/20 22:00,7/13/20 22:04,755
756,316175,4956,7/13/20 22:12,7/13/20 22:17,756
757,316175,5692,7/13/20 22:19,7/13/20 22:25,757
758,316175,5746,7/13/20 22:26,7/13/20 22:30,758
759,3179,4336,7/13/20 18:56,7/13/20 18:59,759
760,3179,5907,7/13/20 18:59,7/13/20 19:01,760
761,3179,5967,7/13/20 19:01,7/13/20 19:07,761
762,3179,6039,7/13/20 19:08,7/13/20 19:09,762
763,3179,3920,7/13/20 19:11,7/13/20 19:23,763
764,3179,5981,7/13/20 19:23,7/13/20 19:26,764
765,3179,3991,7/13/20 19:26,7/13/20 19:29,765
766,3179,9000,7/13/20 19:30,7/13/20 19:41,766
767,3179,5910,7/13/20 19:42,7/13/20 19:53,767
768,3179,6046,7/13/20 19:57,7/13/20 20:00,768
769,3179,5640,7/13/20 20:00,7/13/20 20:40,769
770,318636,5123,7/13/20 23:34,7/13/20 23:36,770
771,323982,5902,7/13/20 17:42,7/13/20 18:17,771
772,323982,5644,7/13/20 17:52,7/13/20 18:25,772
773,323982,5903,7/13/20 18:26,7/13/20 18:42,773
774,323982,4659,7/13/20 18:46,7/13/20 18:49,774
775,323982,5821,7/13/20 18:52,7/13/20 19:07,775
776,323983,5821,7/13/20 17:43,7/13/20 18:27,776
777,323983,4661,7/13/20 18:27,7/13/20 19:06,777
778,323983,6032,7/13/20 19:07,7/13/20 19:08,778
779,32635,5545,7/13/20 15:50,7/13/20 16:00,779
780,32940,4695,7/13/20 19:38,7/13/20 19:39,780
781,32940,4694,7/13/20 19:40,7/13/20 19:47,781
782,32940,4696,7/13/20 19:47,7/13/20 20:15,782
783,32940,5478,7/13/20 20:16,7/13/20 20:22,783
784,32940,5482,7/13/20 20:23,7/13/20 20:27,784
785,32940,5481,7/13/20 20:28,7/13/20 20:38,785
786,32940,5480,7/13/20 20:38,7/13/20 20:45,786
787,330551,6036,7/13/20 20:12,7/13/20 21:04,787
788,330551,5907,7/13/20 20:32,7/13/20 20:48,788
789,330551,5817,7/13/20 21:05,7/13/20 21:06,789
790,3318,5521,7/13/20 22:25,7/13/20 22:28,790
791,3318,6005,7/13/20 22:29,7/13/20 22:40,791
792,3318,5967,7/13/20 22:40,7/13/20 22:41,792
793,3318,5392,7/13/20 22:41,7/13/20 22:44,793
794,3318,5851,7/13/20 22:45,7/13/20 22:48,794
795,3318,5444,7/13/20 22:49,7/13/20 23:09,795
796,3318,4441,7/13/20 23:12,7/13/20 23:50,796
797,3318,5386,7/13/20 23:52,7/14/20 0:07,797
798,3318,4274,7/14/20 0:07,7/14/20 0:08,798
799,3318,6039,7/14/20 0:08,7/14/20 0:13,799
800,3318,5987,7/14/20 0:18,7/14/20 0:22,800
801,3318,5893,7/14/20 0:24,7/14/20 0:28,801
802,3318,6020,7/14/20 0:29,7/14/20 0:36,802
803,3318,5772,7/14/20 0:37,7/14/20 0:37,803
804,3318,5887,7/14/20 0:38,7/14/20 0:45,804
805,3318,6017,7/14/20 0:45,7/14/20 0:50,805
806,3318,5642,7/14/20 0:53,7/14/20 0:55,806
807,338482,5605,7/13/20 16:36,7/13/20 18:14,807
808,338537,5644,7/13/20 17:38,7/13/20 17:44,808
809,338537,9000,7/13/20 17:46,7/13/20 17:47,809
810,341919,6043,7/14/20 2:00,7/14/20 2:12,810
811,341919,5766,7/14/20 2:13,7/14/20 2:18,811
812,341919,4021,7/14/20 2:19,7/14/20 3:21,812
813,341919,5958,7/14/20 3:22,7/14/20 3:39,813
814,341919,5182,7/14/20 3:40,7/14/20 4:29,814
815,341919,3837,7/14/20 4:31,7/14/20 4:41,815
816,34318,1736,7/13/20 19:22,7/13/20 21:04,816
817,34318,4957,7/13/20 19:30,7/13/20 19:34,817
818,34318,3898,7/13/20 19:34,7/13/20 19:37,818
819,34318,3900,7/13/20 19:37,7/13/20 19:39,819
820,34318,6028,7/13/20 19:40,7/13/20 19:42,820
821,34318,3920,7/13/20 19:43,7/13/20 19:49,821
822,34318,5749,7/13/20 19:50,7/13/20 19:53,822
823,34318,5746,7/13/20 19:53,7/13/20 19:55,823
824,34318,6036,7/13/20 19:55,7/13/20 20:09,824
825,34318,6014,7/13/20 20:14,7/13/20 20:20,825
826,34318,6016,7/13/20 20:20,7/13/20 20:25,826
827,34318,5979,7/13/20 20:26,7/13/20 20:31,827
828,34318,5824,7/13/20 20:34,7/13/20 20:39,828
829,34318,5642,7/13/20 20:39,7/13/20 21:31,829
830,34318,5894,7/13/20 20:55,7/13/20 20:57,830
831,34318,6001,7/13/20 20:57,7/13/20 20:59,831
832,34318,5836,7/13/20 21:06,7/13/20 21:09,832
833,34318,5887,7/13/20 21:10,7/13/20 21:17,833
834,34318,5873,7/13/20 21:32,7/13/20 21:39,834
835,345671,5590,7/13/20 14:14,7/13/20 16:11,835
836,351302,3532,7/13/20 17:00,7/13/20 17:14,836
837,351302,3825,7/13/20 17:16,7/13/20 17:17,837
838,351302,4695,7/13/20 17:31,7/13/20 17:35,838
839,354088,5693,7/13/20 19:11,7/13/20 19:15,839
840,35533,6035,7/13/20 18:51,7/13/20 19:15,840
841,355702,5590,7/13/20 18:02,7/13/20 18:05,841
842,356429,3829,7/13/20 23:36,7/13/20 23:45,842
843,356429,6040,7/13/20 23:46,7/13/20 23:52,843
844,356429,5987,7/14/20 0:00,7/14/20 0:05,844
845,356429,5971,7/14/20 0:06,7/14/20 0:17,845
846,356429,5835,7/14/20 0:17,7/14/20 0:26,846
847,356429,6026,7/14/20 0:27,7/14/20 0:34,847
848,356429,5285,7/14/20 0:41,7/14/20 0:47,848
849,356429,5863,7/14/20 0:48,7/14/20 0:51,849
850,356429,6046,7/14/20 0:51,7/14/20 1:04,850
851,356429,5906,7/14/20 1:04,7/14/20 1:08,851
852,356650,5766,7/14/20 1:28,7/14/20 1:37,852
853,357867,4693,7/13/20 18:05,7/13/20 18:22,853
854,35897,5417,7/13/20 16:46,7/13/20 18:45,854
855,35897,5416,7/13/20 16:51,7/13/20 16:55,855
856,35897,6006,7/13/20 16:55,7/13/20 16:57,856
857,35897,5441,7/13/20 16:58,7/13/20 17:05,857
858,35897,5442,7/13/20 17:06,7/13/20 17:11,858
859,35897,5641,7/13/20 17:11,7/13/20 17:17,859
860,35897,6029,7/13/20 17:17,7/13/20 17:38,860
861,35897,6012,7/13/20 18:20,7/13/20 18:22,861
862,35953,4880,7/14/20 2:37,7/14/20 2:38,862
863,35953,6001,7/14/20 2:55,7/14/20 2:57,863
864,35953,5925,7/14/20 2:57,7/14/20 3:04,864
865,35953,4275,7/14/20 3:54,7/14/20 3:55,865
866,35953,5970,7/14/20 3:56,7/14/20 3:57,866
867,35953,3514,7/14/20 4:00,7/14/20 4:04,867
868,35953,4694,7/14/20 4:33,7/14/20 4:41,868
869,359655,5854,7/13/20 19:48,7/13/20 19:59,869
870,36227,5183,7/13/20 19:14,7/13/20 19:26,870
871,36227,4693,7/13/20 19:33,7/13/20 19:53,871
872,36227,4695,7/13/20 19:35,7/13/20 19:50,872
873,36227,5182,7/13/20 19:36,7/13/20 19:37,873
874,36227,5776,7/13/20 19:53,7/13/20 19:56,874
875,36596,6002,7/14/20 2:36,7/14/20 4:20,875
876,36596,5544,7/14/20 2:57,7/14/20 3:04,876
877,36596,5481,7/14/20 3:04,7/14/20 4:02,877
878,36596,5393,7/14/20 4:02,7/14/20 4:12,878
879,36596,5969,7/14/20 4:15,7/14/20 4:16,879
880,36596,6003,7/14/20 4:20,7/14/20 4:22,880
881,36596,6004,7/14/20 4:22,7/14/20 4:33,881
882,366292,6039,7/13/20 23:37,7/13/20 23:45,882
883,366292,3829,7/13/20 23:45,7/13/20 23:58,883
884,366292,3825,7/13/20 23:58,7/14/20 0:06,884
885,366292,3534,7/14/20 0:06,7/14/20 2:05,885
886,366292,3532,7/14/20 0:24,7/14/20 1:49,886
887,366292,3837,7/14/20 1:04,7/14/20 1:37,887
888,368177,4694,7/14/20 0:50,7/14/20 1:13,888
889,368256,6022,7/13/20 23:48,7/13/20 23:51,889
890,368435,5603,7/14/20 2:40,7/14/20 2:52,890
891,369825,5848,7/13/20 16:28,7/13/20 16:30,891
892,370814,5417,7/13/20 14:07,7/14/20 3:56,892
893,370814,4336,7/13/20 14:21,7/13/20 15:24,893
894,370814,5418,7/13/20 15:26,7/13/20 15:39,894
895,370814,6030,7/13/20 22:32,7/14/20 0:31,895
896,37084,5890,7/14/20 0:03,7/14/20 0:20,896
897,370967,5848,7/13/20 16:43,7/13/20 16:51,897
898,372247,5594,7/14/20 2:07,7/14/20 2:20,898
899,372247,6058,7/14/20 2:20,7/14/20 2:41,899
900,37377,6032,7/13/20 15:16,7/13/20 15:24,900
901,37377,6005,7/13/20 15:30,7/13/20 15:35,901
902,37377,5968,7/13/20 15:36,7/13/20 15:41,902
903,374129,5593,7/14/20 1:56,7/14/20 1:58,903
904,374319,5418,7/13/20 16:45,7/13/20 17:07,904
905,374319,5638,7/13/20 22:44,7/13/20 22:52,905
906,374319,5892,7/13/20 23:10,7/13/20 23:15,906
907,374319,5894,7/13/20 23:16,7/13/20 23:39,907
908,376789,3900,7/13/20 21:10,7/13/20 21:13,908
909,376789,5240,7/13/20 21:14,7/13/20 21:29,909
910,380460,6008,7/14/20 1:48,7/14/20 2:02,910
911,380460,5967,7/14/20 2:23,7/14/20 2:38,911
912,380644,5991,7/14/20 1:56,7/14/20 2:04,912
913,381998,5711,7/14/20 1:19,7/14/20 1:37,913
914,381998,5712,7/14/20 1:23,7/14/20 2:05,914
915,381998,4441,7/14/20 2:08,7/14/20 2:27,915
916,381998,4442,7/14/20 2:13,7/14/20 3:30,916
917,381998,5386,7/14/20 2:31,7/14/20 2:44,917
918,381998,5986,7/14/20 2:52,7/14/20 3:00,918
919,381998,5984,7/14/20 3:04,7/14/20 3:16,919
920,381998,4880,7/14/20 3:17,7/14/20 3:26,920
921,381998,6007,7/14/20 3:30,7/14/20 3:32,921
922,381998,6006,7/14/20 3:33,7/14/20 3:38,922
923,381998,6010,7/14/20 3:39,7/14/20 4:31,923
924,381999,6032,7/14/20 1:19,7/14/20 1:41,924
925,381999,5442,7/14/20 1:45,7/14/20 1:48,925
926,381999,5852,7/14/20 1:48,7/14/20 1:56,926
927,381999,5638,7/14/20 1:57,7/14/20 2:11,927
928,381999,5817,7/14/20 2:13,7/14/20 2:18,928
929,381999,3898,7/14/20 2:18,7/14/20 2:19,929
930,381999,5550,7/14/20 2:24,7/14/20 3:36,930
931,381999,3185,7/14/20 3:18,7/14/20 3:20,931
932,381999,9000,7/14/20 3:20,7/14/20 3:27,932
933,381999,5836,7/14/20 3:38,7/14/20 3:39,933
934,381999,5837,7/14/20 3:39,7/14/20 3:46,934
935,381999,5889,7/14/20 3:51,7/14/20 3:56,935
936,381999,6021,7/14/20 3:56,7/14/20 3:58,936
937,381999,5878,7/14/20 3:59,7/14/20 4:02,937
938,381999,5930,7/14/20 4:02,7/14/20 4:06,938
939,381999,5711,7/14/20 4:08,7/14/20 4:13,939
940,381999,5712,7/14/20 4:14,7/14/20 4:18,940
941,382355,5069,7/14/20 2:00,7/14/20 2:04,941
942,382355,5545,7/14/20 2:04,7/14/20 3:29,942
943,382779,6022,7/13/20 18:01,7/13/20 18:20,943
944,382779,4442,7/13/20 18:21,7/13/20 19:02,944
945,382779,5851,7/13/20 19:06,7/13/20 19:37,945
946,382779,4274,7/13/20 19:38,7/13/20 19:41,946
947,382779,3825,7/13/20 19:41,7/13/20 19:41,947
948,383358,3825,7/14/20 0:23,7/14/20 0:24,948
949,385344,6029,7/13/20 19:28,7/13/20 19:30,949
950,385344,3991,7/13/20 19:30,7/13/20 19:40,950
951,386047,5888,7/13/20 19:34,7/13/20 19:51,951
952,386047,5979,7/13/20 19:35,7/13/20 19:40,952
953,386047,6016,7/13/20 19:42,7/13/20 19:44,953
954,386047,5548,7/13/20 19:52,7/13/20 19:56,954
955,386047,5851,7/13/20 19:59,7/13/20 20:01,955
956,386047,5480,7/13/20 20:02,7/13/20 20:02,956
957,386047,3530,7/13/20 20:03,7/13/20 20:16,957
958,386047,3532,7/13/20 20:10,7/13/20 20:12,958
959,386047,6008,7/13/20 20:17,7/13/20 20:23,959
960,386048,5903,7/13/20 19:32,7/13/20 19:55,960
961,386048,5902,7/13/20 19:40,7/13/20 19:44,961
962,386048,6014,7/13/20 19:49,7/13/20 19:52,962
963,386048,6035,7/13/20 19:56,7/13/20 20:08,963
964,386048,5847,7/13/20 20:09,7/13/20 20:11,964
965,386048,5548,7/13/20 20:15,7/13/20 20:18,965
966,386048,6045,7/13/20 20:19,7/13/20 20:26,966
967,387326,6032,7/13/20 19:58,7/13/20 20:00,967
968,387326,5902,7/13/20 20:00,7/13/20 20:01,968
969,387326,5642,7/13/20 20:01,7/13/20 20:02,969
970,387326,4336,7/13/20 20:03,7/13/20 20:04,970
971,387326,5641,7/13/20 20:05,7/13/20 20:07,971
972,387326,5848,7/13/20 20:07,7/13/20 20:15,972
973,387326,5821,7/13/20 20:18,7/13/20 20:25,973
974,387326,4900,7/13/20 20:27,7/13/20 20:30,974
975,387326,5904,7/13/20 20:30,7/13/20 20:36,975
976,387396,6016,7/13/20 19:22,7/13/20 19:24,976
977,387772,5638,7/13/20 21:30,7/13/20 21:32,977
978,387772,5442,7/13/20 21:33,7/13/20 21:35,978
979,387772,5393,7/13/20 21:35,7/13/20 21:37,979
980,387783,9111,7/13/20 15:29,7/13/20 18:22,980
981,387783,9104,7/13/20 17:02,7/13/20 20:19,981
982,387783,9106,7/13/20 20:21,7/13/20 20:34,982
983,391392,5871,7/14/20 2:25,7/14/20 3:27,983
984,391392,6044,7/14/20 2:52,7/14/20 3:24,984
985,391392,5117,7/14/20 3:03,7/14/20 3:17,985
986,393414,6030,7/13/20 17:34,7/13/20 17:38,986
987,394781,3280,7/13/20 20:23,7/13/20 20:28,987
988,394781,2815,7/13/20 20:28,7/13/20 20:29,988
989,394781,5639,7/13/20 20:31,7/13/20 20:35,989
990,394781,6031,7/13/20 20:36,7/13/20 20:40,990
991,394802,5417,7/13/20 16:50,7/13/20 18:26,991
992,394802,6029,7/13/20 18:50,7/13/20 19:01,992
993,395201,5442,7/13/20 18:21,7/13/20 18:34,993
994,395201,5441,7/13/20 18:29,7/13/20 21:03,994
995,395201,5443,7/13/20 18:31,7/13/20 19:46,995
996,395201,5440,7/13/20 18:37,7/14/20 2:12,996
997,395201,5848,7/13/20 19:46,7/13/20 19:47,997
998,395201,5849,7/13/20 19:50,7/14/20 2:15,998
999,395201,5640,7/13/20 21:06,7/14/20 0:59,999
1000,395201,5639,7/13/20 21:18,7/14/20 0:53,1000
1001,395201,6035,7/13/20 23:01,7/13/20 23:05,1001
1002,395201,5847,7/13/20 23:05,7/13/20 23:06,1002
1003,395201,5854,7/13/20 23:06,7/13/20 23:11,1003
1004,395201,5851,7/13/20 23:11,7/14/20 0:21,1004
1005,395201,5638,7/13/20 23:57,7/14/20 2:51,1005
1006,395201,5439,7/14/20 0:03,7/14/20 0:12,1006
1007,395201,5444,7/14/20 0:05,7/14/20 2:18,1007
1008,395201,5615,7/14/20 1:07,7/14/20 1:08,1008
1009,395201,5616,7/14/20 1:08,7/14/20 1:26,1009
1010,395201,5617,7/14/20 1:11,7/14/20 1:17,1010
1011,395201,5823,7/14/20 1:26,7/14/20 1:47,1011
1012,395201,5285,7/14/20 1:32,7/14/20 1:56,1012
1013,395201,5641,7/14/20 2:12,7/14/20 2:14,1013
1014,395201,5908,7/14/20 2:18,7/14/20 2:19,1014
1015,395201,5885,7/14/20 2:20,7/14/20 2:43,1015
1016,395201,6034,7/14/20 2:51,7/14/20 3:19,1016
1017,395201,5852,7/14/20 3:06,7/14/20 3:13,1017
1018,39626,5285,7/13/20 20:24,7/13/20 20:28,1018
1019,39626,6030,7/13/20 20:31,7/13/20 20:39,1019
1020,39626,6031,7/13/20 20:40,7/13/20 20:40,1020
1021,397822,5852,7/13/20 18:55,7/14/20 3:29,1021
1022,397822,5442,7/13/20 19:31,7/13/20 19:57,1022
1023,397822,5441,7/13/20 20:10,7/13/20 20:34,1023
1024,397822,5639,7/13/20 21:06,7/14/20 1:59,1024
1025,397822,5640,7/14/20 0:55,7/14/20 0:56,1025
1026,398294,5070,7/13/20 19:05,7/13/20 19:07,1026
1027,398294,5069,7/13/20 19:08,7/13/20 19:09,1027
1028,398294,5641,7/13/20 19:16,7/13/20 19:31,1028
1029,398294,6036,7/13/20 19:32,7/13/20 19:34,1029
1030,398294,5904,7/13/20 20:19,7/13/20 20:29,1030
1031,398294,5903,7/14/20 3:55,7/14/20 3:59,1031
1032,398294,5824,7/14/20 3:59,7/14/20 4:08,1032
1033,399828,5907,7/13/20 23:57,7/14/20 0:06,1033
1034,399828,5480,7/14/20 0:07,7/14/20 0:14,1034
1035,399828,4275,7/14/20 0:47,7/14/20 0:51,1035
1036,399828,4441,7/14/20 0:52,7/14/20 0:56,1036
1037,399828,6011,7/14/20 0:57,7/14/20 1:07,1037
1038,400460,6002,7/13/20 18:29,7/13/20 18:37,1038
1039,403636,6029,7/13/20 22:17,7/13/20 22:22,1039
1040,403636,6031,7/13/20 22:31,7/13/20 22:35,1040
1041,403636,6003,7/14/20 0:35,7/14/20 0:38,1041
1042,403636,6028,7/14/20 0:39,7/14/20 0:45,1042
1043,403636,6030,7/14/20 0:45,7/14/20 1:03,1043
1044,403636,5638,7/14/20 1:03,7/14/20 1:10,1044
1045,403636,3991,7/14/20 1:11,7/14/20 1:27,1045
1046,403636,3514,7/14/20 3:41,7/14/20 3:45,1046
1047,403791,6004,7/13/20 22:54,7/13/20 22:59,1047
1048,403791,5418,7/13/20 23:00,7/13/20 23:11,1048
1049,403791,5548,7/13/20 23:11,7/13/20 23:16,1049
1050,403791,5910,7/13/20 23:19,7/13/20 23:21,1050
1051,403791,9000,7/13/20 23:22,7/13/20 23:22,1051
1052,403791,3185,7/13/20 23:23,7/13/20 23:29,1052
1053,403791,6038,7/13/20 23:30,7/13/20 23:32,1053
1054,403791,5885,7/13/20 23:32,7/13/20 23:34,1054
1055,406179,3829,7/13/20 14:10,7/13/20 14:34,1055
1056,408172,5601,7/13/20 18:50,7/13/20 19:01,1056
1057,408172,5605,7/13/20 19:01,7/13/20 20:13,1057
1058,408172,5594,7/13/20 20:21,7/13/20 22:00,1058
1059,408490,5910,7/13/20 22:32,7/13/20 22:36,1059
1060,408490,6045,7/13/20 22:37,7/13/20 22:57,1060
1061,408490,5902,7/13/20 22:58,7/13/20 23:08,1061
1062,408490,6026,7/13/20 23:11,7/13/20 23:15,1062
1063,408490,4336,7/13/20 23:33,7/13/20 23:38,1063
1064,408490,5241,7/13/20 23:38,7/13/20 23:50,1064
1065,408902,3227,7/14/20 1:04,7/14/20 2:04,1065
1066,408902,3226,7/14/20 1:05,7/14/20 1:44,1066
1067,409304,5590,7/13/20 23:44,7/14/20 2:34,1067
1068,409304,5983,7/14/20 0:14,7/14/20 0:44,1068
1069,411992,4695,7/14/20 0:31,7/14/20 1:02,1069
1070,411992,4693,7/14/20 1:02,7/14/20 2:36,1070
1071,411992,6004,7/14/20 2:36,7/14/20 2:41,1071
1072,411992,4696,7/14/20 2:42,7/14/20 2:47,1072
1073,411992,6028,7/14/20 2:49,7/14/20 2:53,1073
1074,411992,5117,7/14/20 2:55,7/14/20 3:00,1074
1075,411992,5638,7/14/20 3:04,7/14/20 3:15,1075
1076,412138,6033,7/13/20 16:38,7/13/20 16:43,1076
1077,412155,5481,7/13/20 16:06,7/13/20 16:13,1077
1078,412155,5480,7/13/20 16:13,7/13/20 16:26,1078
1079,412155,5482,7/13/20 16:28,7/13/20 16:42,1079
1080,412338,5852,7/13/20 16:47,7/13/20 16:49,1080
1081,416164,3532,7/13/20 22:49,7/14/20 0:20,1081
1082,416164,5117,7/13/20 23:07,7/13/20 23:36,1082
1083,416164,5440,7/14/20 0:22,7/14/20 0:34,1083
1084,417544,6016,7/13/20 14:25,7/13/20 14:36,1084
1085,417544,5887,7/13/20 14:37,7/13/20 14:41,1085
1086,417544,5987,7/13/20 14:42,7/13/20 14:44,1086
1087,420897,5593,7/13/20 21:26,7/13/20 21:29,1087
1088,421544,6001,7/13/20 16:27,7/13/20 16:43,1088
1089,421544,6012,7/13/20 16:44,7/13/20 16:51,1089
1090,421544,6010,7/13/20 16:51,7/13/20 17:14,1090
1091,422564,5385,7/13/20 18:50,7/13/20 22:56,1091
1092,422564,5386,7/13/20 20:45,7/13/20 23:01,1092
1093,422564,4441,7/13/20 20:56,7/13/20 23:04,1093
1094,422564,4442,7/13/20 21:02,7/13/20 22:17,1094
1095,422564,5615,7/13/20 21:05,7/13/20 21:15,1095
1096,422564,4696,7/13/20 21:16,7/13/20 21:18,1096
1097,422564,5888,7/13/20 21:19,7/13/20 21:20,1097
1098,423019,5478,7/13/20 18:20,7/13/20 19:19,1098
1099,427300,5987,7/13/20 14:19,7/13/20 14:24,1099
1100,427300,5871,7/13/20 14:25,7/13/20 14:29,1100
1101,427300,5821,7/13/20 14:29,7/13/20 14:31,1101
1102,427300,5930,7/13/20 14:32,7/13/20 14:33,1102
1103,427300,5615,7/13/20 14:34,7/13/20 14:36,1103
1104,427300,5544,7/13/20 14:36,7/13/20 14:37,1104
1105,431767,5618,7/13/20 16:52,7/13/20 17:17,1105
1106,431767,5617,7/13/20 17:18,7/13/20 17:59,1106
1107,431767,5615,7/13/20 17:29,7/13/20 17:32,1107
1108,431767,5616,7/13/20 17:40,7/13/20 17:41,1108
1109,434182,5617,7/13/20 15:03,7/13/20 16:52,1109
1110,434182,4900,7/13/20 16:32,7/13/20 16:37,1110
1111,43579,6006,7/13/20 18:26,7/13/20 18:27,1111
1112,437121,9000,7/13/20 17:10,7/13/20 17:18,1112
1113,437209,4683,7/13/20 21:31,7/13/20 21:57,1113
1114,437209,4659,7/13/20 21:59,7/13/20 23:39,1114
1115,438463,6018,7/13/20 20:11,7/13/20 20:23,1115
1116,438463,5711,7/13/20 20:27,7/13/20 20:46,1116
1117,438463,5930,7/13/20 20:46,7/13/20 20:52,1117
1118,438463,6043,7/13/20 20:53,7/13/20 20:58,1118
1119,438463,5326,7/13/20 20:59,7/13/20 21:05,1119
1120,438463,5906,7/13/20 21:06,7/13/20 21:19,1120
1121,438463,5329,7/13/20 21:25,7/13/20 22:07,1121
1122,440561,5847,7/14/20 0:31,7/14/20 0:44,1122
1123,440561,5482,7/14/20 0:54,7/14/20 3:44,1123
1124,440561,5903,7/14/20 4:15,7/14/20 4:30,1124
1125,441016,5919,7/13/20 14:08,7/13/20 14:17,1125
1126,443195,5183,7/13/20 20:36,7/13/20 21:38,1126
1127,443195,5182,7/13/20 21:18,7/13/20 21:33,1127
1128,443195,3530,7/13/20 21:39,7/13/20 22:13,1128
1129,443195,3534,7/13/20 22:13,7/13/20 22:25,1129
1130,443195,5692,7/13/20 22:26,7/13/20 22:40,1130
1131,446166,5439,7/14/20 0:39,7/14/20 1:17,1131
1132,446166,5442,7/14/20 1:18,7/14/20 1:23,1132
1133,446166,5443,7/14/20 1:23,7/14/20 1:58,1133
1134,446166,5087,7/14/20 1:59,7/14/20 2:02,1134
1135,446166,6035,7/14/20 2:02,7/14/20 2:03,1135
1136,446166,5849,7/14/20 2:04,7/14/20 2:07,1136
1137,446166,5386,7/14/20 2:07,7/14/20 2:13,1137
1138,446166,5385,7/14/20 2:13,7/14/20 2:17,1138
1139,446166,5481,7/14/20 2:24,7/14/20 2:28,1139
1140,446166,4693,7/14/20 2:58,7/14/20 3:03,1140
1141,446765,5386,7/14/20 1:04,7/14/20 2:07,1141
1142,446765,5385,7/14/20 1:26,7/14/20 1:32,1142
1143,447256,6019,7/13/20 22:53,7/13/20 22:55,1143
1144,447256,6022,7/13/20 22:55,7/13/20 22:58,1144
1145,447256,6014,7/13/20 22:58,7/13/20 23:00,1145
1146,447256,5971,7/13/20 23:01,7/13/20 23:06,1146
1147,447256,5847,7/13/20 23:08,7/13/20 23:09,1147
1148,447256,6060,7/13/20 23:10,7/13/20 23:17,1148
1149,447256,6056,7/13/20 23:17,7/13/20 23:19,1149
1150,447256,5177,7/13/20 23:19,7/13/20 23:21,1150
1151,447256,5180,7/13/20 23:21,7/13/20 23:24,1151
1152,447256,5693,7/13/20 23:24,7/13/20 23:26,1152
1153,447256,5444,7/13/20 23:26,7/13/20 23:37,1153
1154,447256,5854,7/13/20 23:37,7/13/20 23:39,1154
1155,447806,5979,7/13/20 19:19,7/13/20 19:21,1155
1156,447806,5644,7/13/20 19:21,7/13/20 19:22,1156
1157,447806,5548,7/13/20 19:23,7/13/20 19:35,1157
1158,447806,5854,7/13/20 19:35,7/13/20 19:41,1158
1159,447806,6031,7/13/20 19:41,7/13/20 19:44,1159
1160,447806,5784,7/13/20 19:44,7/13/20 19:45,1160
1161,447806,5783,7/13/20 19:45,7/13/20 19:47,1161
1162,447806,6045,7/13/20 19:47,7/13/20 19:48,1162
1163,447806,4956,7/13/20 19:48,7/13/20 19:54,1163
1164,447806,6028,7/13/20 19:54,7/13/20 19:56,1164
1165,447806,5851,7/13/20 19:57,7/13/20 19:59,1165
1166,448391,5416,7/13/20 21:58,7/13/20 22:08,1166
1167,448391,5417,7/13/20 22:08,7/13/20 22:16,1167
1168,449655,5776,7/14/20 2:30,7/14/20 2:54,1168
1169,449655,3991,7/14/20 2:55,7/14/20 3:06,1169
1170,449655,5983,7/14/20 3:07,7/14/20 3:13,1170
1171,449655,5981,7/14/20 3:15,7/14/20 3:19,1171
1172,449655,5444,7/14/20 3:21,7/14/20 3:29,1172
1173,450313,5847,7/14/20 3:11,7/14/20 4:00,1173
1174,450313,5849,7/14/20 4:01,7/14/20 4:13,1174
1175,450313,5417,7/14/20 4:14,7/14/20 4:22,1175
1176,453011,5890,7/14/20 1:09,7/14/20 1:12,1176
1177,4536,5851,7/13/20 19:43,7/13/20 19:49,1177
1178,4536,5641,7/13/20 19:49,7/13/20 19:52,1178
1179,4536,6037,7/13/20 19:52,7/13/20 20:00,1179
1180,4536,6046,7/13/20 20:01,7/13/20 20:16,1180
1181,4536,5969,7/13/20 20:16,7/13/20 20:22,1181
1182,4536,6006,7/13/20 20:23,7/13/20 20:25,1182
1183,45430,6032,7/13/20 16:12,7/13/20 16:13,1183
1184,454712,5641,7/13/20 15:17,7/13/20 16:45,1184
1185,454712,5590,7/13/20 16:46,7/13/20 17:02,1185
1186,454712,5593,7/13/20 17:02,7/13/20 21:09,1186
1187,455310,5615,7/13/20 16:37,7/13/20 16:42,1187
1188,455310,5481,7/13/20 16:42,7/13/20 16:48,1188
1189,455310,5393,7/13/20 16:48,7/13/20 17:03,1189
1190,455310,6004,7/13/20 17:06,7/13/20 17:09,1190
1191,455472,6043,7/14/20 0:38,7/14/20 0:43,1191
1192,455472,5953,7/14/20 0:45,7/14/20 0:46,1192
1193,455472,6042,7/14/20 0:47,7/14/20 1:06,1193
1194,455883,6009,7/14/20 2:13,7/14/20 2:39,1194
1195,45755,5821,7/13/20 21:53,7/13/20 22:35,1195
1196,45755,5902,7/13/20 22:36,7/13/20 22:45,1196
1197,45755,5642,7/13/20 22:45,7/13/20 23:15,1197
1198,45755,5903,7/13/20 23:16,7/13/20 23:38,1198
1199,45757,5642,7/13/20 21:53,7/13/20 23:39,1199
1200,45757,5992,7/13/20 22:09,7/13/20 22:37,1200
1201,45757,5711,7/13/20 22:37,7/13/20 22:48,1201
1202,45757,5824,7/13/20 22:49,7/13/20 22:52,1202
1203,45757,5644,7/13/20 22:52,7/13/20 23:03,1203
1204,45757,6016,7/13/20 23:04,7/13/20 23:05,1204
1205,45757,5979,7/13/20 23:07,7/13/20 23:07,1205
1206,45757,4696,7/13/20 23:10,7/13/20 23:12,1206
1207,45757,6044,7/13/20 23:13,7/13/20 23:17,1207
1208,45757,6004,7/13/20 23:17,7/13/20 23:20,1208
1209,45757,5925,7/13/20 23:21,7/13/20 23:24,1209
1210,45757,6014,7/13/20 23:39,7/13/20 23:42,1210
1211,458159,5904,7/13/20 15:41,7/13/20 15:46,1211
1212,458159,5639,7/13/20 15:47,7/13/20 15:55,1212
1213,458159,5821,7/13/20 15:55,7/13/20 16:25,1213
1214,458159,5264,7/13/20 16:26,7/13/20 16:32,1214
1215,458159,5440,7/13/20 16:33,7/13/20 16:51,1215
1216,458159,6043,7/13/20 16:51,7/13/20 16:53,1216
1217,458159,5902,7/13/20 16:53,7/13/20 16:57,1217
1218,458159,5894,7/13/20 16:58,7/13/20 17:03,1218
1219,459791,3829,7/14/20 0:39,7/14/20 1:23,1219
1220,459791,3534,7/14/20 1:24,7/14/20 1:25,1220
1221,459791,3825,7/14/20 1:28,7/14/20 2:29,1221
1222,460682,6011,7/13/20 14:38,7/13/20 14:38,1222
1223,460682,6010,7/13/20 14:42,7/13/20 14:48,1223
1224,460682,5836,7/13/20 18:18,7/13/20 18:24,1224
1225,460682,6004,7/13/20 18:24,7/13/20 18:49,1225
1226,461107,5639,7/14/20 2:38,7/14/20 3:05,1226
1227,461107,5909,7/14/20 3:05,7/14/20 3:07,1227
1228,461107,4659,7/14/20 3:27,7/14/20 3:31,1228
1229,461107,6013,7/14/20 3:32,7/14/20 3:39,1229
1230,461107,6003,7/14/20 3:45,7/14/20 3:51,1230
1231,461107,4601,7/14/20 3:56,7/14/20 5:02,1231
1232,461107,4605,7/14/20 4:13,7/14/20 4:19,1232
1233,461968,5550,7/13/20 19:02,7/13/20 22:36,1233
1234,462436,5418,7/14/20 2:33,7/14/20 3:17,1234
1235,462436,5909,7/14/20 2:43,7/14/20 2:58,1235
1236,462436,6031,7/14/20 2:59,7/14/20 4:20,1236
1237,462436,5550,7/14/20 3:05,7/14/20 4:39,1237
1238,462436,6003,7/14/20 3:22,7/14/20 3:31,1238
1239,462436,5549,7/14/20 3:32,7/14/20 3:39,1239
1240,462436,5639,7/14/20 3:42,7/14/20 3:45,1240
1241,462436,6030,7/14/20 3:55,7/14/20 4:00,1241
1242,462436,4601,7/14/20 4:05,7/14/20 4:12,1242
1243,462436,6009,7/14/20 4:22,7/14/20 4:30,1243
1244,462436,6026,7/14/20 4:36,7/14/20 4:37,1244
1245,462436,5417,7/14/20 4:39,7/14/20 4:40,1245
1246,462436,4659,7/14/20 4:45,7/14/20 4:47,1246
1247,4691,5906,7/13/20 22:08,7/13/20 22:11,1247
1248,4691,6007,7/13/20 22:11,7/13/20 22:23,1248
1249,4691,5416,7/13/20 22:24,7/13/20 22:35,1249
1250,4691,5907,7/13/20 22:36,7/13/20 22:44,1250
1251,4691,6028,7/13/20 22:45,7/13/20 22:58,1251
1252,4691,6031,7/13/20 22:59,7/13/20 23:08,1252
1253,4691,5641,7/13/20 23:09,7/13/20 23:10,1253
1254,4691,5852,7/13/20 23:10,7/13/20 23:39,1254
1255,4691,5908,7/13/20 23:43,7/13/20 23:47,1255
1256,4691,6014,7/13/20 23:50,7/13/20 23:51,1256
1257,4691,6016,7/13/20 23:51,7/14/20 1:01,1257
1258,4691,5903,7/13/20 23:54,7/13/20 23:55,1258
1259,4691,5644,7/13/20 23:55,7/13/20 23:57,1259
1260,4691,5838,7/14/20 0:00,7/14/20 0:11,1260
1261,4691,5837,7/14/20 0:11,7/14/20 0:12,1261
1262,4691,5836,7/14/20 0:12,7/14/20 0:12,1262
1263,4691,5834,7/14/20 0:13,7/14/20 0:13,1263
1264,4691,5839,7/14/20 0:13,7/14/20 0:14,1264
1265,4691,5919,7/14/20 0:14,7/14/20 0:16,1265
1266,4691,5920,7/14/20 0:17,7/14/20 0:25,1266
1267,4691,5987,7/14/20 0:26,7/14/20 0:27,1267
1268,4691,6032,7/14/20 0:28,7/14/20 0:30,1268
1269,4691,5902,7/14/20 0:30,7/14/20 0:34,1269
1270,4691,5642,7/14/20 0:34,7/14/20 0:39,1270
1271,4691,5893,7/14/20 0:44,7/14/20 0:46,1271
1272,4691,5857,7/14/20 0:48,7/14/20 1:22,1272
1273,4691,5824,7/14/20 1:03,7/14/20 1:09,1273
1274,4691,5856,7/14/20 1:10,7/14/20 1:11,1274
1275,4691,5855,7/14/20 1:23,7/14/20 1:27,1275
1276,469709,4900,7/14/20 4:20,7/14/20 4:25,1276
1277,469709,5439,7/14/20 4:35,7/14/20 4:36,1277
1278,471606,5847,7/13/20 23:15,7/13/20 23:25,1278
1279,487119,5904,7/14/20 3:32,7/14/20 3:38,1279
1280,487121,4900,7/14/20 2:57,7/14/20 4:19,1280
1281,487121,5915,7/14/20 3:59,7/14/20 4:02,1281
1282,487121,5913,7/14/20 4:04,7/14/20 4:04,1282
1283,490211,9000,7/13/20 18:59,7/13/20 19:08,1283
1284,490211,3185,7/13/20 19:09,7/13/20 19:16,1284
1285,490211,5638,7/13/20 19:16,7/13/20 19:28,1285
1286,490211,3235,7/13/20 19:28,7/13/20 19:29,1286
1287,497779,5890,7/14/20 2:35,7/14/20 4:03,1287
1288,497779,5889,7/14/20 3:33,7/14/20 3:34,1288
1289,497779,5891,7/14/20 3:53,7/14/20 3:56,1289
1290,49818,5836,7/13/20 21:32,7/13/20 21:45,1290
1291,49818,6007,7/13/20 21:47,7/13/20 21:47,1291
1292,49818,6006,7/13/20 21:48,7/13/20 21:48,1292
1293,49818,6005,7/13/20 21:49,7/13/20 21:51,1293
1294,49818,5968,7/13/20 21:52,7/13/20 21:56,1294
1295,499363,3530,7/13/20 17:53,7/13/20 21:21,1295
1296,499363,3534,7/13/20 18:42,7/13/20 20:48,1296
1297,499977,5847,7/13/20 20:02,7/13/20 20:03,1297
1298,499977,5589,7/13/20 20:11,7/13/20 20:18,1298
1299,499977,5996,7/13/20 20:29,7/13/20 20:38,1299
1300,500070,5854,7/13/20 20:57,7/13/20 21:15,1300
1301,500070,5644,7/13/20 21:16,7/13/20 21:58,1301
1302,500070,5848,7/13/20 22:11,7/14/20 3:10,1302
1303,500778,5445,7/13/20 22:10,7/13/20 22:11,1303
1304,500778,5521,7/13/20 22:12,7/13/20 22:14,1304
1305,504074,4683,7/13/20 19:14,7/13/20 19:15,1305
1306,504074,5892,7/13/20 19:16,7/13/20 19:24,1306
1307,504074,5855,7/13/20 19:25,7/13/20 19:26,1307
1308,504074,6048,7/13/20 19:26,7/13/20 19:31,1308
1309,504074,5987,7/13/20 19:35,7/13/20 19:39,1309
1310,504074,6044,7/13/20 19:39,7/13/20 19:39,1310
1311,504074,5971,7/13/20 19:44,7/13/20 20:04,1311
1312,504074,5989,7/13/20 20:05,7/13/20 20:21,1312
1313,504168,4880,7/13/20 19:18,7/13/20 19:58,1313
1314,504176,6016,7/13/20 19:09,7/13/20 19:21,1314
1315,504785,4191,7/13/20 23:03,7/13/20 23:04,1315
1316,504785,2815,7/13/20 23:04,7/13/20 23:04,1316
1317,504785,5295,7/13/20 23:04,7/13/20 23:06,1317
1318,504785,5840,7/13/20 23:07,7/13/20 23:08,1318
1319,505515,4442,7/13/20 14:38,7/13/20 14:41,1319
1320,505515,5183,7/13/20 14:43,7/13/20 14:54,1320
1321,505515,5182,7/13/20 14:54,7/13/20 14:58,1321
1322,505515,5998,7/13/20 15:01,7/13/20 15:17,1322
1323,506018,5851,7/14/20 0:29,7/14/20 0:53,1323
1324,5066,5123,7/13/20 18:21,7/13/20 18:25,1324
1325,50806,6009,7/13/20 23:06,7/13/20 23:08,1325
1326,50806,5550,7/13/20 23:08,7/14/20 1:08,1326
1327,50806,5847,7/13/20 23:37,7/13/20 23:44,1327
1328,50806,5854,7/13/20 23:55,7/14/20 1:20,1328
1329,50806,5418,7/14/20 0:11,7/14/20 1:24,1329
1330,50806,5442,7/14/20 1:11,7/14/20 1:15,1330
1331,50806,6030,7/14/20 1:26,7/14/20 1:29,1331
1332,50806,5910,7/14/20 1:30,7/14/20 1:37,1332
1333,508490,4660,7/13/20 21:02,7/13/20 21:42,1333
1334,511426,5962,7/13/20 22:29,7/13/20 22:46,1334
1335,511426,5964,7/13/20 22:47,7/13/20 22:57,1335
1336,511426,5992,7/13/20 22:59,7/13/20 23:23,1336
1337,511426,5979,7/13/20 23:23,7/13/20 23:27,1337
1338,511426,5930,7/13/20 23:28,7/13/20 23:34,1338
1339,511426,5617,7/13/20 23:35,7/13/20 23:38,1339
1340,511426,5616,7/13/20 23:38,7/14/20 3:29,1340
1341,511426,4900,7/13/20 23:41,7/14/20 2:35,1341
1342,511426,5615,7/13/20 23:51,7/14/20 0:49,1342
1343,511426,6037,7/13/20 23:53,7/13/20 23:58,1343
1344,511426,5817,7/13/20 23:59,7/14/20 0:16,1344
1345,511426,5177,7/14/20 0:18,7/14/20 0:24,1345
1346,511426,4241,7/14/20 0:24,7/14/20 0:31,1346
1347,511426,6030,7/14/20 0:33,7/14/20 0:37,1347
1348,511426,3185,7/14/20 0:40,7/14/20 0:44,1348
1349,511426,6033,7/14/20 0:59,7/14/20 1:12,1349
1350,511426,5618,7/14/20 1:13,7/14/20 2:10,1350
1351,511426,5996,7/14/20 2:36,7/14/20 2:48,1351
1352,511426,5995,7/14/20 2:49,7/14/20 2:51,1352
1353,511426,5855,7/14/20 2:51,7/14/20 2:54,1353
1354,511426,5856,7/14/20 2:54,7/14/20 2:57,1354
1355,511426,5069,7/14/20 2:59,7/14/20 3:02,1355
1356,511426,6024,7/14/20 3:04,7/14/20 3:15,1356
1357,511426,5783,7/14/20 3:16,7/14/20 3:24,1357
1358,512077,5549,7/13/20 23:19,7/14/20 1:03,1358
1359,512077,4441,7/14/20 1:03,7/14/20 1:27,1359
1360,512077,3235,7/14/20 1:28,7/14/20 1:39,1360
1361,512713,6034,7/13/20 21:27,7/13/20 21:29,1361
1362,513575,5878,7/14/20 3:31,7/14/20 3:50,1362
1363,513575,6019,7/14/20 3:50,7/14/20 3:55,1363
1364,513985,6011,7/13/20 14:16,7/13/20 14:18,1364
1365,513985,6004,7/13/20 14:20,7/13/20 14:36,1365
1366,514506,5601,7/14/20 0:43,7/14/20 0:46,1366
1367,516738,6010,7/13/20 14:51,7/13/20 16:00,1367
1368,516738,6009,7/13/20 14:57,7/13/20 15:28,1368
1369,516738,6008,7/13/20 15:28,7/13/20 15:54,1369
1370,516738,5545,7/13/20 16:01,7/13/20 16:06,1370
1371,516738,5925,7/13/20 16:07,7/13/20 16:12,1371
1372,516738,5906,7/13/20 16:12,7/13/20 16:17,1372
1373,516738,5919,7/13/20 16:18,7/13/20 16:26,1373
1374,516819,4696,7/13/20 22:09,7/13/20 22:35,1374
1375,516819,6003,7/13/20 22:36,7/13/20 23:59,1375
1376,516819,5888,7/13/20 22:53,7/14/20 0:17,1376
1377,516819,4694,7/13/20 23:04,7/14/20 0:33,1377
1378,517176,5588,7/13/20 18:11,7/13/20 18:13,1378
1379,517176,5587,7/13/20 18:14,7/13/20 18:20,1379
1380,517176,6043,7/13/20 18:27,7/13/20 18:30,1380
1381,517176,6040,7/13/20 18:32,7/13/20 18:42,1381
1382,517176,9109,7/13/20 18:44,7/13/20 18:53,1382
1383,517176,5326,7/13/20 19:27,7/13/20 19:36,1383
1384,517177,5326,7/13/20 18:09,7/13/20 18:54,1384
1385,517177,9109,7/13/20 19:27,7/13/20 19:41,1385
1386,51740,5855,7/13/20 18:23,7/13/20 18:28,1386
1387,51740,6013,7/13/20 18:25,7/13/20 18:30,1387
1388,51740,6012,7/13/20 18:30,7/13/20 18:37,1388
1389,517411,3900,7/13/20 21:55,7/13/20 22:39,1389
1390,522837,5849,7/13/20 16:14,7/13/20 16:27,1390
1391,52356,3920,7/13/20 14:08,7/13/20 14:27,1391
1392,52356,4683,7/13/20 14:32,7/13/20 15:03,1392
1393,52356,4659,7/13/20 14:35,7/13/20 14:39,1393
1394,52356,5381,7/13/20 14:40,7/13/20 14:41,1394
1395,52356,4661,7/13/20 15:04,7/13/20 15:05,1395
1396,52356,5380,7/13/20 15:05,7/13/20 15:06,1396
1397,529609,3837,7/13/20 15:21,7/13/20 15:26,1397
1398,529609,5836,7/13/20 16:40,7/13/20 16:51,1398
1399,5297,6046,7/14/20 0:27,7/14/20 0:30,1399
1400,5297,5183,7/14/20 0:31,7/14/20 0:37,1400
1401,530122,5857,7/13/20 16:44,7/13/20 16:47,1401
1402,530122,5890,7/13/20 16:48,7/13/20 16:49,1402
1403,530122,5906,7/13/20 16:49,7/13/20 17:01,1403
1404,531712,4021,7/13/20 21:05,7/13/20 23:44,1404
1405,531712,4524,7/13/20 21:09,7/13/20 21:10,1405
1406,531712,5953,7/13/20 21:10,7/13/20 21:16,1406
1407,531712,5776,7/13/20 21:16,7/13/20 21:18,1407
1408,531712,6016,7/13/20 21:19,7/13/20 21:47,1408
1409,531712,5979,7/13/20 21:28,7/13/20 21:32,1409
1410,531712,5380,7/13/20 21:42,7/13/20 21:44,1410
1411,531712,6022,7/13/20 21:44,7/13/20 21:48,1411
1412,531712,6019,7/13/20 21:49,7/13/20 21:50,1412
1413,531712,6020,7/13/20 21:50,7/13/20 21:54,1413
1414,531712,5925,7/13/20 21:55,7/13/20 21:58,1414
1415,531712,5069,7/13/20 21:59,7/13/20 22:01,1415
1416,531712,6007,7/13/20 22:01,7/13/20 22:08,1416
1417,531712,6041,7/13/20 22:09,7/13/20 22:10,1417
1418,531712,5784,7/13/20 22:11,7/13/20 22:15,1418
1419,531712,6046,7/13/20 22:15,7/13/20 22:17,1419
1420,531712,5615,7/13/20 22:17,7/13/20 22:26,1420
1421,531712,5959,7/13/20 22:26,7/13/20 22:27,1421
1422,531712,5960,7/13/20 22:28,7/13/20 22:28,1422
1423,531712,5955,7/13/20 22:29,7/13/20 22:36,1423
1424,531712,5285,7/13/20 22:39,7/13/20 23:07,1424
1425,531712,4755,7/13/20 22:39,7/13/20 22:40,1425
1426,531712,5915,7/13/20 22:44,7/13/20 22:51,1426
1427,531712,2599,7/13/20 22:51,7/13/20 22:57,1427
1428,531712,3227,7/13/20 23:00,7/13/20 23:01,1428
1429,531712,3226,7/13/20 23:01,7/13/20 23:04,1429
1430,531712,1820,7/13/20 23:05,7/13/20 23:06,1430
1431,531712,5617,7/13/20 23:06,7/13/20 23:10,1431
1432,531712,5618,7/13/20 23:10,7/13/20 23:11,1432
1433,531712,5766,7/13/20 23:16,7/13/20 23:18,1433
1434,531712,5767,7/13/20 23:19,7/13/20 23:20,1434
1435,531712,5768,7/13/20 23:20,7/13/20 23:23,1435
1436,531712,5769,7/13/20 23:23,7/13/20 23:32,1436
1437,531712,4020,7/13/20 23:40,7/14/20 0:07,1437
1438,531712,5284,7/13/20 23:46,7/13/20 23:47,1438
1439,531712,5854,7/13/20 23:48,7/13/20 23:52,1439
1440,531836,5642,7/13/20 23:58,7/14/20 0:01,1440
1441,531836,5644,7/14/20 0:03,7/14/20 0:45,1441
1442,531836,6016,7/14/20 0:19,7/14/20 0:38,1442
1443,531836,5970,7/14/20 1:00,7/14/20 1:02,1443
1444,531836,5783,7/14/20 1:03,7/14/20 1:08,1444
1445,531836,5177,7/14/20 1:09,7/14/20 1:12,1445
1446,532133,5852,7/13/20 16:42,7/13/20 16:45,1446
1447,532536,5593,7/14/20 0:38,7/14/20 1:03,1447
1448,532536,5605,7/14/20 1:03,7/14/20 1:24,1448
1449,535150,5886,7/14/20 2:55,7/14/20 2:56,1449
1450,535178,5601,7/13/20 14:08,7/13/20 16:33,1450
1451,536266,5692,7/13/20 17:25,7/13/20 19:39,1451
1452,536266,5849,7/13/20 18:44,7/13/20 19:06,1452
1453,536266,6032,7/13/20 19:09,7/13/20 19:11,1453
1454,536940,5967,7/13/20 15:08,7/13/20 15:55,1454
1455,536940,5885,7/13/20 15:15,7/13/20 15:52,1455
1456,536940,5888,7/13/20 15:21,7/13/20 15:27,1456
1457,536940,5887,7/13/20 15:27,7/13/20 15:31,1457
1458,536940,5886,7/13/20 15:31,7/13/20 15:34,1458
1459,536940,5380,7/13/20 15:34,7/13/20 15:38,1459
1460,536940,5382,7/13/20 15:39,7/13/20 15:42,1460
1461,536940,6032,7/13/20 15:43,7/13/20 15:50,1461
1462,536940,5849,7/13/20 15:56,7/13/20 16:10,1462
1463,536940,5851,7/13/20 16:09,7/13/20 16:16,1463
1464,536940,5439,7/13/20 16:16,7/13/20 16:19,1464
1465,536940,5440,7/13/20 16:18,7/13/20 16:24,1465
1466,536940,4900,7/13/20 16:26,7/13/20 16:30,1466
1467,536940,6046,7/13/20 16:30,7/13/20 16:37,1467
1468,536940,6045,7/13/20 16:37,7/13/20 16:48,1468
1469,536940,6037,7/13/20 16:48,7/13/20 16:50,1469
1470,536940,5783,7/13/20 16:51,7/13/20 16:52,1470
1471,536940,6003,7/13/20 16:53,7/13/20 16:56,1471
1472,536940,4683,7/13/20 16:56,7/13/20 16:58,1472
1473,536940,5854,7/13/20 17:00,7/13/20 17:07,1473
1474,536940,5906,7/13/20 17:06,7/13/20 17:10,1474
1475,541166,9000,7/14/20 3:13,7/14/20 3:19,1475
1476,544595,5548,7/13/20 23:19,7/14/20 0:53,1476
1477,544595,5854,7/14/20 0:54,7/14/20 1:13,1477
1478,544595,6029,7/14/20 1:15,7/14/20 1:37,1478
1479,545357,5644,7/14/20 3:18,7/14/20 3:21,1479
1480,5454,5441,7/13/20 19:25,7/13/20 19:27,1480
1481,5454,5444,7/13/20 19:28,7/13/20 19:38,1481
1482,5454,5641,7/13/20 19:39,7/13/20 19:47,1482
1483,5454,5852,7/13/20 19:48,7/13/20 20:00,1483
1484,5454,5848,7/13/20 20:00,7/13/20 20:03,1484
1485,5454,5854,7/13/20 20:03,7/13/20 20:05,1485
1486,5454,5851,7/13/20 20:17,7/13/20 20:21,1486
1487,5454,5847,7/13/20 20:20,7/13/20 20:23,1487
1488,5454,5902,7/13/20 20:23,7/13/20 20:25,1488
1489,5454,5642,7/13/20 20:25,7/13/20 20:30,1489
1490,5454,5644,7/13/20 20:30,7/13/20 20:33,1490
1491,546736,5919,7/13/20 18:20,7/13/20 19:56,1491
1492,546736,5847,7/13/20 18:27,7/13/20 18:48,1492
1493,546736,5851,7/13/20 18:48,7/13/20 18:54,1493
1494,546736,5854,7/13/20 18:54,7/13/20 18:58,1494
1495,546736,6009,7/13/20 19:00,7/13/20 19:45,1495
1496,546744,5070,7/14/20 0:40,7/14/20 0:43,1496
1497,546744,5416,7/14/20 0:44,7/14/20 1:51,1497
1498,546744,5548,7/14/20 1:14,7/14/20 3:34,1498
1499,547351,4900,7/13/20 17:08,7/13/20 19:06,1499
1500,547351,6032,7/13/20 18:13,7/13/20 18:51,1500
1501,547351,6033,7/13/20 18:53,7/13/20 19:02,1501
1502,547389,6012,7/13/20 22:26,7/13/20 22:58,1502
1503,547389,6013,7/13/20 23:02,7/13/20 23:03,1503
1504,547389,5907,7/13/20 23:04,7/13/20 23:27,1504
1505,547389,5906,7/13/20 23:28,7/13/20 23:40,1505
1506,547389,5393,7/13/20 23:40,7/13/20 23:51,1506
1507,547390,5907,7/13/20 22:28,7/13/20 22:33,1507
1508,547390,6011,7/13/20 22:34,7/13/20 22:37,1508
1509,547390,6013,7/13/20 22:38,7/13/20 22:39,1509
1510,547390,5417,7/13/20 22:40,7/13/20 22:42,1510
1511,547390,5418,7/13/20 22:42,7/13/20 23:25,1511
1512,547390,5550,7/13/20 22:50,7/13/20 22:54,1512
1513,547390,5549,7/13/20 22:54,7/13/20 22:56,1513
1514,547390,5416,7/13/20 23:08,7/13/20 23:11,1514
1515,547390,5393,7/13/20 23:12,7/13/20 23:16,1515
1516,547390,6048,7/13/20 23:17,7/13/20 23:18,1516
1517,547390,6047,7/13/20 23:19,7/13/20 23:21,1517
1518,547390,4336,7/13/20 23:26,7/13/20 23:30,1518
1519,547390,5851,7/13/20 23:33,7/13/20 23:42,1519
1520,547390,6032,7/13/20 23:46,7/14/20 0:28,1520
1521,549664,5440,7/13/20 14:19,7/13/20 14:22,1521
1522,549664,5641,7/13/20 14:22,7/13/20 14:30,1522
1523,549664,5854,7/13/20 14:33,7/13/20 14:39,1523
1524,549664,6034,7/13/20 14:38,7/13/20 14:42,1524
1525,551348,5920,7/13/20 15:27,7/13/20 15:31,1525
1526,551348,5919,7/13/20 15:32,7/13/20 15:46,1526
1527,551529,5295,7/13/20 14:53,7/13/20 15:02,1527
1528,551529,6021,7/13/20 15:10,7/13/20 15:18,1528
1529,552858,5823,7/14/20 2:57,7/14/20 4:37,1529
1530,554314,5482,7/13/20 20:37,7/13/20 20:51,1530
1531,555962,4605,7/13/20 23:46,7/14/20 0:48,1531
1532,556177,3235,7/13/20 16:44,7/13/20 17:45,1532
1533,556631,5954,7/13/20 15:07,7/13/20 15:30,1533
1534,556753,6034,7/14/20 3:48,7/14/20 4:27,1534
1535,557095,5601,7/14/20 0:47,7/14/20 0:48,1535
1536,557096,5601,7/14/20 0:48,7/14/20 0:51,1536
1537,557160,5601,7/14/20 0:53,7/14/20 0:54,1537
1538,557383,5601,7/14/20 0:54,7/14/20 0:56,1538
1539,557746,5907,7/13/20 23:36,7/13/20 23:40,1539
1540,557746,4336,7/14/20 0:06,7/14/20 0:10,1540
1541,559756,5959,7/13/20 15:06,7/13/20 15:09,1541
1542,559797,5856,7/13/20 16:43,7/13/20 17:10,1542
1543,559797,4274,7/13/20 17:17,7/13/20 17:19,1543
1544,559797,5439,7/13/20 17:20,7/13/20 17:32,1544
1545,559797,5641,7/13/20 17:32,7/13/20 17:34,1545
1546,559797,5416,7/13/20 17:34,7/13/20 17:40,1546
1547,559797,5925,7/13/20 17:41,7/13/20 17:47,1547
1548,560492,5821,7/13/20 18:37,7/13/20 18:46,1548
1549,560492,5979,7/13/20 18:47,7/13/20 18:52,1549
1550,560492,5902,7/13/20 18:53,7/13/20 20:38,1550
1551,560492,6016,7/13/20 18:55,7/13/20 19:00,1551
1552,560492,6033,7/13/20 19:04,7/13/20 19:08,1552
1553,560492,4900,7/13/20 19:09,7/13/20 20:20,1553
1554,560492,5644,7/13/20 19:48,7/13/20 19:49,1554
1555,560492,5444,7/13/20 20:23,7/13/20 20:24,1555
1556,560492,5418,7/13/20 20:28,7/13/20 20:29,1556
1557,560492,6032,7/13/20 20:38,7/13/20 20:38,1557
1558,560801,5973,7/13/20 22:43,7/14/20 0:53,1558
1559,560802,5974,7/13/20 22:44,7/14/20 0:53,1559
1560,560808,5440,7/14/20 0:40,7/14/20 1:17,1560
1561,560808,3553,7/14/20 1:41,7/14/20 2:09,1561
1562,560808,5386,7/14/20 2:14,7/14/20 2:17,1562
1563,560808,4441,7/14/20 2:19,7/14/20 2:21,1563
1564,560808,5847,7/14/20 2:22,7/14/20 2:24,1564
1565,560808,5544,7/14/20 2:46,7/14/20 2:55,1565
1566,560833,3900,7/13/20 19:04,7/13/20 19:08,1566
1567,560833,5693,7/13/20 19:10,7/13/20 19:11,1567
1568,560834,5617,7/13/20 19:09,7/13/20 19:23,1568
1569,560835,4599,7/13/20 19:22,7/13/20 19:52,1569
1570,560835,4601,7/13/20 19:53,7/13/20 20:34,1570
1571,560835,5331,7/14/20 0:18,7/14/20 0:52,1571
1572,560838,5603,7/13/20 20:45,7/13/20 20:58,1572
1573,560838,5818,7/13/20 20:59,7/13/20 21:06,1573
1574,560839,5481,7/13/20 22:43,7/14/20 0:05,1574
1575,560839,5776,7/13/20 23:33,7/13/20 23:38,1575
1576,560840,5480,7/13/20 22:38,7/14/20 0:06,1576
1577,560840,5851,7/13/20 22:48,7/13/20 22:51,1577
1578,560840,5852,7/13/20 22:52,7/13/20 22:56,1578
1579,560840,4693,7/13/20 23:08,7/13/20 23:36,1579
1580,560840,5284,7/13/20 23:17,7/13/20 23:19,1580
1581,560840,5481,7/13/20 23:22,7/13/20 23:25,1581
1582,560840,4695,7/13/20 23:43,7/13/20 23:51,1582
1583,560841,5891,7/13/20 23:33,7/13/20 23:34,1583
1584,560841,5887,7/13/20 23:36,7/13/20 23:37,1584
1585,560841,5886,7/13/20 23:38,7/13/20 23:39,1585
1586,560841,5642,7/13/20 23:40,7/13/20 23:46,1586
1587,560841,5712,7/13/20 23:46,7/13/20 23:54,1587
1588,560841,5711,7/13/20 23:54,7/14/20 0:03,1588
1589,560841,5931,7/14/20 0:03,7/14/20 0:05,1589
1590,560841,6002,7/14/20 0:16,7/14/20 0:17,1590
1591,560841,5993,7/14/20 0:17,7/14/20 0:30,1591
1592,560841,4693,7/14/20 0:31,7/14/20 0:33,1592
1593,560841,6026,7/14/20 0:43,7/14/20 0:46,1593
1594,560842,5891,7/13/20 23:34,7/13/20 23:36,1594
1595,56843,5615,7/13/20 23:07,7/13/20 23:09,1595
1596,56843,6046,7/13/20 23:12,7/13/20 23:17,1596
1597,56843,3900,7/13/20 23:18,7/13/20 23:20,1597
1598,56843,6037,7/13/20 23:20,7/13/20 23:27,1598
1599,56843,5817,7/13/20 23:34,7/13/20 23:35,1599
1600,56843,5240,7/13/20 23:36,7/13/20 23:38,1600
1601,56843,5589,7/13/20 23:39,7/13/20 23:53,1601
1602,56843,5594,7/13/20 23:54,7/14/20 0:21,1602
1603,56843,6036,7/14/20 0:22,7/14/20 0:31,1603
1604,56843,5588,7/14/20 0:32,7/14/20 0:35,1604
1605,56843,3991,7/14/20 0:35,7/14/20 0:42,1605
1606,56843,5638,7/14/20 0:45,7/14/20 0:51,1606
1607,56843,5442,7/14/20 0:52,7/14/20 0:56,1607
1608,56843,5443,7/14/20 0:56,7/14/20 1:01,1608
1609,56843,5847,7/14/20 1:03,7/14/20 1:07,1609
1610,56843,5480,7/14/20 1:09,7/14/20 1:14,1610
1611,56843,5968,7/14/20 1:14,7/14/20 1:20,1611
1612,56843,5392,7/14/20 1:20,7/14/20 1:22,1612
1613,56843,5970,7/14/20 1:23,7/14/20 1:28,1613
1614,56843,5967,7/14/20 1:29,7/14/20 1:32,1614
1615,56843,5885,7/14/20 1:34,7/14/20 1:36,1615
1616,56843,6039,7/14/20 1:37,7/14/20 1:38,1616
1617,56843,5969,7/14/20 1:48,7/14/20 1:51,1617
1618,56843,6006,7/14/20 1:52,7/14/20 1:56,1618
1619,56843,5857,7/14/20 1:58,7/14/20 2:02,1619
1620,56843,5836,7/14/20 2:03,7/14/20 2:08,1620
1621,56843,5894,7/14/20 2:08,7/14/20 2:22,1621
1622,63150,5906,7/13/20 23:05,7/13/20 23:09,1622
1623,63150,4336,7/13/20 23:17,7/13/20 23:22,1623
1624,63152,5969,7/13/20 23:04,7/13/20 23:16,1624
1625,63152,5908,7/13/20 23:16,7/13/20 23:37,1625
1626,63152,5889,7/13/20 23:38,7/13/20 23:39,1626
1627,63152,5382,7/13/20 23:40,7/13/20 23:49,1627
1628,63152,5962,7/13/20 23:49,7/14/20 0:25,1628
1629,63268,6035,7/13/20 16:16,7/13/20 16:28,1629
1630,63268,5386,7/13/20 16:28,7/13/20 16:31,1630
1631,63268,5849,7/13/20 16:31,7/13/20 16:32,1631
1632,63268,5444,7/13/20 16:33,7/13/20 16:36,1632
1633,63268,5903,7/13/20 16:37,7/13/20 16:49,1633
1634,63268,5989,7/13/20 16:53,7/13/20 16:59,1634
1635,64570,5642,7/13/20 16:58,7/13/20 17:50,1635
1636,64570,6032,7/13/20 17:21,7/13/20 17:23,1636
1637,64570,5644,7/13/20 17:24,7/13/20 17:31,1637
1638,64570,5821,7/13/20 17:31,7/13/20 17:41,1638
1639,64570,5545,7/13/20 17:55,7/13/20 17:59,1639
1640,64570,5848,7/13/20 18:00,7/13/20 18:08,1640
1641,64570,5639,7/13/20 18:12,7/13/20 18:18,1641
1642,64570,5641,7/13/20 18:18,7/13/20 18:21,1642
1643,65456,9109,7/13/20 15:17,7/13/20 15:27,1643
1644,65456,9104,7/13/20 15:27,7/13/20 16:25,1644
1645,66783,5839,7/14/20 2:40,7/14/20 2:42,1645
1646,66783,3825,7/14/20 2:43,7/14/20 3:45,1646
1647,66783,9106,7/14/20 2:49,7/14/20 2:50,1647
1648,66783,9104,7/14/20 2:50,7/14/20 3:06,1648
1649,66783,9034,7/14/20 3:06,7/14/20 3:23,1649
1650,66783,9109,7/14/20 3:24,7/14/20 3:29,1650
1651,66783,9110,7/14/20 3:29,7/14/20 3:39,1651
1652,66783,9111,7/14/20 3:41,7/14/20 3:44,1652
1653,66783,6043,7/14/20 3:45,7/14/20 3:47,1653
1654,69698,5605,7/13/20 23:59,7/14/20 0:56,1654
1655,69698,3185,7/14/20 0:57,7/14/20 1:27,1655
1656,69698,4441,7/14/20 1:27,7/14/20 1:32,1656
1657,69698,6008,7/14/20 1:33,7/14/20 1:34,1657
1658,69698,5920,7/14/20 1:36,7/14/20 1:37,1658
1659,69793,5180,7/13/20 17:24,7/13/20 17:26,1659
1660,7046,4694,7/14/20 1:23,7/14/20 1:32,1660
1661,7046,5838,7/14/20 1:33,7/14/20 1:36,1661
1662,7046,5835,7/14/20 1:36,7/14/20 1:50,1662
1663,7046,5839,7/14/20 1:53,7/14/20 1:59,1663
1664,7046,5964,7/14/20 1:59,7/14/20 2:05,1664
1665,70589,3235,7/13/20 19:48,7/13/20 19:56,1665
1666,70589,3553,7/13/20 19:57,7/13/20 20:00,1666
1667,70589,3837,7/13/20 20:04,7/13/20 20:59,1667
1668,70589,5615,7/13/20 20:24,7/13/20 20:28,1668
1669,70589,9000,7/13/20 20:30,7/13/20 20:43,1669
1670,71954,3532,7/13/20 18:50,7/13/20 19:01,1670
1671,71954,4274,7/13/20 19:01,7/13/20 19:02,1671
1672,71954,5192,7/13/20 19:06,7/13/20 19:11,1672
1673,71954,5672,7/13/20 19:13,7/13/20 19:17,1673
1674,71954,5821,7/13/20 19:21,7/13/20 19:25,1674
1675,71954,5761,7/13/20 19:26,7/13/20 19:27,1675
1676,7314,4275,7/13/20 22:52,7/13/20 23:08,1676
1677,7314,5588,7/13/20 23:10,7/13/20 23:24,1677
1678,7325,5930,7/13/20 22:51,7/13/20 22:59,1678
1679,7325,6001,7/13/20 23:03,7/13/20 23:14,1679
1680,7325,5461,7/13/20 23:18,7/13/20 23:25,1680
1681,73544,5903,7/13/20 15:47,7/13/20 15:59,1681
1682,73544,6033,7/13/20 16:01,7/13/20 16:15,1682
1683,73544,5907,7/13/20 16:15,7/13/20 16:20,1683
1684,73544,6003,7/13/20 16:22,7/13/20 16:39,1684
1685,73544,5966,7/13/20 16:39,7/13/20 16:44,1685
1686,73544,5904,7/13/20 16:45,7/13/20 16:52,1686
1687,73614,6049,7/13/20 20:53,7/13/20 21:18,1687
1688,73614,6054,7/13/20 21:18,7/13/20 21:19,1688
1689,73614,5981,7/13/20 21:21,7/13/20 21:50,1689
1690,73614,6047,7/13/20 21:27,7/13/20 21:32,1690
1691,73614,6048,7/13/20 21:32,7/13/20 21:45,1691
1692,73614,5482,7/13/20 22:05,7/13/20 22:11,1692
1693,73614,5478,7/13/20 22:11,7/13/20 22:12,1693
1694,73614,5070,7/13/20 22:14,7/13/20 22:22,1694
1695,73614,5642,7/13/20 22:24,7/13/20 22:28,1695
1696,73614,5873,7/13/20 22:29,7/13/20 22:33,1696
1697,73614,5824,7/13/20 22:33,7/13/20 22:34,1697
1698,73614,5987,7/13/20 22:35,7/13/20 22:48,1698
1699,73614,5879,7/13/20 22:50,7/13/20 23:02,1699
1700,73614,6010,7/13/20 23:05,7/13/20 23:20,1700
1701,73614,3514,7/13/20 23:28,7/13/20 23:39,1701
1702,74123,5594,7/14/20 1:44,7/14/20 2:07,1702
1703,74123,5601,7/14/20 2:12,7/14/20 4:45,1703
1704,75275,3829,7/13/20 22:00,7/14/20 0:37,1704
1705,75275,5180,7/13/20 22:20,7/13/20 22:28,1705
1706,75275,4442,7/13/20 23:56,7/13/20 23:59,1706
1707,75275,4441,7/14/20 0:08,7/14/20 0:16,1707
1708,75402,6021,7/13/20 18:41,7/13/20 19:11,1708
1709,75402,5839,7/13/20 19:02,7/13/20 19:07,1709
1710,75402,6044,7/13/20 19:11,7/13/20 19:16,1710
1711,75402,5776,7/13/20 19:17,7/13/20 19:24,1711
1712,75402,5772,7/13/20 19:25,7/13/20 19:29,1712
1713,75402,5069,7/13/20 19:30,7/13/20 19:33,1713
1714,75402,6042,7/13/20 19:34,7/13/20 19:40,1714
1715,75402,6043,7/13/20 19:40,7/13/20 19:59,1715
1716,75402,5480,7/13/20 20:07,7/13/20 20:38,1716
1717,75402,5906,7/13/20 20:43,7/13/20 21:03,1717
1718,75402,5835,7/13/20 21:04,7/13/20 21:11,1718
1719,75402,5836,7/13/20 21:11,7/13/20 21:17,1719
1720,75402,5416,7/13/20 21:18,7/13/20 21:19,1720
1721,77183,5123,7/13/20 23:31,7/13/20 23:41,1721
1722,77183,9034,7/13/20 23:41,7/14/20 0:27,1722
1723,7755,5441,7/13/20 21:32,7/13/20 21:40,1723
1724,7755,4599,7/13/20 21:35,7/14/20 4:21,1724
1725,7755,5641,7/13/20 21:41,7/14/20 2:33,1725
1726,7755,5852,7/13/20 21:43,7/14/20 1:25,1726
1727,7755,5443,7/13/20 21:46,7/13/20 21:53,1727
1728,7755,6034,7/13/20 22:21,7/14/20 2:00,1728
1729,7755,4605,7/13/20 22:33,7/14/20 4:06,1729
1730,7755,4601,7/14/20 0:25,7/14/20 3:41,1730
1731,7755,6035,7/14/20 1:30,7/14/20 1:33,1731
1732,7755,5847,7/14/20 1:33,7/14/20 1:34,1732
1733,7755,5783,7/14/20 1:41,7/14/20 1:46,1733
1734,7755,5910,7/14/20 2:01,7/14/20 2:09,1734
1735,7755,5440,7/14/20 2:33,7/14/20 2:34,1735
1736,7755,5444,7/14/20 4:07,7/14/20 4:10,1736
1737,7755,5848,7/14/20 4:11,7/14/20 4:15,1737
1738,7863,5887,7/13/20 17:40,7/13/20 17:43,1738
1739,78656,5123,7/13/20 18:17,7/13/20 18:21,1739
1740,7867,5920,7/13/20 17:25,7/13/20 17:29,1740
1741,7867,4660,7/13/20 17:30,7/13/20 17:33,1741
1742,7867,5991,7/13/20 17:33,7/13/20 17:46,1742
1743,7867,5930,7/13/20 17:46,7/13/20 17:49,1743
1744,7867,5712,7/13/20 17:50,7/13/20 17:50,1744
1745,7867,5868,7/13/20 17:51,7/13/20 17:53,1745
1746,7867,5878,7/13/20 17:54,7/13/20 17:55,1746
1747,7867,6020,7/13/20 17:56,7/13/20 18:01,1747
1748,7867,5889,7/13/20 18:02,7/13/20 18:04,1748
1749,7867,5925,7/13/20 18:05,7/13/20 18:10,1749
1750,7867,5907,7/13/20 18:10,7/13/20 18:16,1750
1751,7867,6033,7/13/20 18:23,7/13/20 18:27,1751
1752,7867,5986,7/13/20 18:30,7/13/20 18:36,1752
1753,7867,9000,7/13/20 18:37,7/13/20 18:44,1753
1754,7867,6029,7/13/20 18:44,7/13/20 18:48,1754
1755,7867,5854,7/13/20 19:12,7/13/20 19:16,1755
1756,7867,6007,7/13/20 19:15,7/13/20 19:19,1756
1757,7867,6035,7/13/20 19:19,7/13/20 19:20,1757
1758,7867,5182,7/13/20 19:21,7/13/20 19:29,1758
1759,7867,4241,7/13/20 19:29,7/13/20 19:39,1759
1760,7867,3235,7/13/20 19:40,7/13/20 19:44,1760
1761,7867,5589,7/13/20 19:45,7/13/20 19:47,1761
1762,7867,5240,7/13/20 19:47,7/13/20 19:54,1762
1763,7867,5241,7/13/20 19:54,7/13/20 19:56,1763
1764,7867,6025,7/13/20 19:59,7/13/20 20:49,1764
1765,7869,5887,7/13/20 17:43,7/13/20 17:48,1765
1766,83264,9106,7/13/20 14:15,7/13/20 17:29,1766
1767,83836,5444,7/13/20 20:12,7/13/20 20:15,1767
1768,83836,5605,7/13/20 20:16,7/13/20 21:32,1768
1769,83836,5439,7/13/20 23:05,7/13/20 23:08,1769
1770,85959,5087,7/13/20 16:30,7/13/20 16:39,1770
1771,85959,4442,7/13/20 16:40,7/13/20 16:42,1771
1772,85959,4441,7/13/20 16:43,7/13/20 16:43,1772
1773,86489,3227,7/14/20 2:37,7/14/20 2:44,1773
1774,87565,5123,7/13/20 18:25,7/13/20 18:33,1774
1775,88302,4275,7/14/20 2:07,7/14/20 2:22,1775
1776,88302,3514,7/14/20 2:24,7/14/20 2:27,1776
1777,88302,9000,7/14/20 2:28,7/14/20 2:35,1777
1778,88302,5285,7/14/20 2:40,7/14/20 2:43,1778
1779,88302,3837,7/14/20 2:44,7/14/20 4:10,1779
1780,89093,5385,7/13/20 21:46,7/13/20 21:48,1780
1781,89175,5851,7/13/20 21:20,7/13/20 22:33,1781
1782,89175,5641,7/13/20 23:01,7/13/20 23:05,1782
1783,89175,6035,7/13/20 23:07,7/13/20 23:15,1783
1784,89175,5442,7/13/20 23:18,7/14/20 0:08,1784
1785,90876,5644,7/13/20 19:43,7/13/20 19:48,1785
1786,91846,5444,7/14/20 1:08,7/14/20 2:14,1786
1787,92463,5440,7/13/20 14:55,7/13/20 15:10,1787
1788,92463,5847,7/13/20 15:09,7/13/20 15:12,1788
1789,92463,6008,7/13/20 15:11,7/13/20 15:14,1789
1790,92463,5392,7/13/20 15:14,7/13/20 15:16,1790
1791,92463,5644,7/13/20 15:17,7/13/20 15:19,1791
1792,92463,4659,7/13/20 15:19,7/13/20 15:23,1792
1793,92463,5966,7/13/20 15:24,7/13/20 15:27,1793
1794,92463,6014,7/13/20 15:27,7/13/20 15:32,1794
1795,92742,5442,7/14/20 4:08,7/14/20 4:49,1795
1796,95509,4696,7/13/20 20:17,7/13/20 20:30,1796
1797,95509,4693,7/13/20 20:38,7/13/20 21:23,1797
1798,95509,5482,7/13/20 21:24,7/13/20 21:28,1798
1799,95509,5823,7/13/20 21:50,7/14/20 1:25,1799
1800,95509,4695,7/13/20 23:16,7/14/20 1:31,1800
1801,95509,5386,7/13/20 23:24,7/13/20 23:27,1801
1802,95509,5385,7/13/20 23:28,7/13/20 23:36,1802
1803,95509,5117,7/14/20 0:14,7/14/20 0:22,1803
1804,95682,6018,7/13/20 19:25,7/13/20 19:50,1804
1805,95682,5887,7/13/20 19:54,7/13/20 20:07,1805
1806,95723,5711,7/13/20 19:03,7/13/20 19:04,1806
1807,95723,5930,7/13/20 19:04,7/13/20 19:05,1807
1808,95723,5919,7/13/20 19:05,7/13/20 19:07,1808
1809,95723,5998,7/13/20 19:10,7/13/20 19:11,1809
1810,95723,5994,7/13/20 19:11,7/13/20 19:21,1810
1811,9601,6006,7/13/20 18:27,7/13/20 18:36,1811
1812,9601,5968,7/13/20 18:38,7/13/20 18:41,1812
1813,9601,3837,7/13/20 18:42,7/13/20 18:44,1813
1814,9601,6035,7/13/20 18:45,7/13/20 18:49,1814
1815,9601,5639,7/13/20 18:50,7/13/20 18:55,1815
1816,9601,6037,7/13/20 18:55,7/13/20 19:03,1816
1817,9652,5908,7/13/20 14:26,7/13/20 14:43,1817
1818,9652,6007,7/13/20 14:46,7/13/20 15:53,1818
1819,9652,6006,7/13/20 15:01,7/13/20 15:30,1819
1820,9652,5906,7/13/20 15:30,7/13/20 15:41,1820
1821,9652,5776,7/13/20 15:56,7/13/20 17:00,1821
1822,9652,6028,7/13/20 16:06,7/13/20 16:30,1822
1823,9652,4695,7/13/20 16:31,7/13/20 16:48,1823
1824,97890,5693,7/13/20 19:31,7/13/20 22:09,1824
1825,97890,5439,7/13/20 19:37,7/13/20 19:41,1825
1826,97890,5692,7/13/20 19:41,7/13/20 20:30,1826
1827,97890,5638,7/13/20 21:55,7/13/20 21:57,1827
1828,99759,5644,7/13/20 19:39,7/13/20 19:43,1828
